"baseline_design","n_processes","mean_length","beta_true","origin_stage","mean_eta_hat","eta_true","bias_eta","rmse_eta","coverage_eta"
"common",100,8,0,"Ceasefire",1.19113513242043,1.17991491149056,0.0112202209298732,0.116236627177208,0.956666666666667
"common",100,8,0,"Implementation",1.18763355404702,1.17991491149056,0.00771864255646259,0.127781964006,0.956666666666667
"common",100,8,0,"Pre-negotiation",1.19016123147702,1.17991491149056,0.0102463199864596,0.105910733527369,0.943333333333333
"common",100,8,0,"Renegotiation/Other",1.29964325014656,1.17991491149056,0.119728338655994,0.380233529005949,0.95
"common",100,8,0,"Substantive Comprehensive",1.23219625490697,1.17991491149056,0.0522813434164126,0.221874664149606,0.933333333333333
"common",100,8,0,"Substantive Partial",1.20356215231064,1.17991491149056,0.0236472408200779,0.113207159165186,0.953333333333333
"common",100,8,0.25,"Ceasefire",1.181618199485,1.17991491149056,0.00170328799444294,0.132971131709798,0.93
"common",100,8,0.25,"Implementation",1.18867022740689,1.17991491149056,0.00875531591632936,0.141433957914785,0.946666666666667
"common",100,8,0.25,"Pre-negotiation",1.1736825077693,1.17991491149056,-0.00623240372125666,0.118672307108034,0.94
"common",100,8,0.25,"Renegotiation/Other",1.41254512879623,1.17991491149056,0.232630217305673,1.30287759650002,0.933333333333333
"common",100,8,0.25,"Substantive Comprehensive",1.21333335439072,1.17991491149056,0.0334184429001536,0.203836872834676,0.966666666666667
"common",100,8,0.25,"Substantive Partial",1.18379551537659,1.17991491149056,0.00388060388603241,0.118434548577385,0.95
"common",100,8,0.52,"Ceasefire",1.17655285949999,1.17991491149056,-0.00336205199057156,0.1322327407978,0.94
"common",100,8,0.52,"Implementation",1.18656468480465,1.17991491149056,0.00664977331409122,0.133494769796435,0.95
"common",100,8,0.52,"Pre-negotiation",1.18442543553522,1.17991491149056,0.00451052404465545,0.110068423174575,0.943333333333333
"common",100,8,0.52,"Renegotiation/Other",1.32176036672967,1.17991491149056,0.141845455239105,0.932455157347309,0.933333333333333
"common",100,8,0.52,"Substantive Comprehensive",1.21126198014993,1.17991491149056,0.0313470686593714,0.236271620679434,0.926666666666667
"common",100,8,0.52,"Substantive Partial",1.17826940492444,1.17991491149056,-0.00164550656612137,0.114871418996015,0.943333333333333
"common",100,8,0.8,"Ceasefire",1.18172462613068,1.17991491149056,0.00180971464012236,0.13811567042209,0.93
"common",100,8,0.8,"Implementation",1.18897138631008,1.17991491149056,0.00905647481952017,0.142657363448547,0.956666666666667
"common",100,8,0.8,"Pre-negotiation",1.17903490506889,1.17991491149056,-0.000880006421673639,0.112568900650474,0.966666666666667
"common",100,8,0.8,"Renegotiation/Other",1.25350221143914,1.17991491149056,0.0735872999485781,0.341997280330261,0.966666666666667
"common",100,8,0.8,"Substantive Comprehensive",1.22180452133739,1.17991491149056,0.0418896098468306,0.223318711404854,0.956666666666667
"common",100,8,0.8,"Substantive Partial",1.189584614605,1.17991491149056,0.00966970311443727,0.113451652957271,0.95
"common",100,12,0,"Ceasefire",1.20478848706708,1.17991491149056,0.0248735755765216,0.103731282378067,0.946666666666667
"common",100,12,0,"Implementation",1.19277128136742,1.17991491149056,0.0128563698768601,0.0951283969033853,0.963333333333333
"common",100,12,0,"Pre-negotiation",1.20284904766557,1.17991491149056,0.0229341361750097,0.0945708343756513,0.95
"common",100,12,0,"Renegotiation/Other",1.22062244273512,1.17991491149056,0.0407075312445536,0.239722093958908,0.963333333333333
"common",100,12,0,"Substantive Comprehensive",1.2255390698674,1.17991491149056,0.0456241583768378,0.188125675009496,0.94
"common",100,12,0,"Substantive Partial",1.19991553789876,1.17991491149056,0.0200006264081954,0.100886378234448,0.916666666666667
"common",100,12,0.25,"Ceasefire",1.1871083198912,1.17991491149056,0.00719340840063518,0.102920220834272,0.946666666666667
"common",100,12,0.25,"Implementation",1.18113454768355,1.17991491149056,0.00121963619299101,0.0988655686231821,0.97
"common",100,12,0.25,"Pre-negotiation",1.18981748023925,1.17991491149056,0.00990256874868496,0.0936641799630942,0.94
"common",100,12,0.25,"Renegotiation/Other",1.23497154987883,1.17991491149056,0.0550566383882637,0.261259008642251,0.936666666666667
"common",100,12,0.25,"Substantive Comprehensive",1.19954654441702,1.17991491149056,0.0196316329264587,0.168937021946082,0.96
"common",100,12,0.25,"Substantive Partial",1.17750454814655,1.17991491149056,-0.00241036334400877,0.0925742724186306,0.946666666666667
"common",100,12,0.52,"Ceasefire",1.18488329520237,1.17991491149056,0.00496838371181241,0.109209914796811,0.953333333333333
"common",100,12,0.52,"Implementation",1.18585172384373,1.17991491149056,0.00593681235317242,0.106626954892388,0.943333333333333
"common",100,12,0.52,"Pre-negotiation",1.17910134301154,1.17991491149056,-0.000813568479024043,0.10018662301018,0.93
"common",100,12,0.52,"Renegotiation/Other",1.2263471694101,1.17991491149056,0.0464322579195335,0.2716968326922,0.946666666666667
"common",100,12,0.52,"Substantive Comprehensive",1.19090460562465,1.17991491149056,0.0109896941340921,0.184448587898533,0.943333333333333
"common",100,12,0.52,"Substantive Partial",1.1734513653672,1.17991491149056,-0.00646354612336233,0.095006024781037,0.95
"common",100,12,0.8,"Ceasefire",1.19199957359303,1.17991491149056,0.0120846621024685,0.107585998593722,0.963333333333333
"common",100,12,0.8,"Implementation",1.18218212841028,1.17991491149056,0.00226721691972112,0.111470312333865,0.96
"common",100,12,0.8,"Pre-negotiation",1.18684434373204,1.17991491149056,0.00692943224147396,0.0986448450203791,0.956666666666667
"common",100,12,0.8,"Renegotiation/Other",1.22473022529506,1.17991491149056,0.0448153138044997,0.299668270494704,0.946666666666667
"common",100,12,0.8,"Substantive Comprehensive",1.19781046100926,1.17991491149056,0.0178955495187022,0.189672615898963,0.94
"common",100,12,0.8,"Substantive Partial",1.17706668510128,1.17991491149056,-0.0028482263892844,0.0969979022071229,0.956666666666667
"common",100,20,0,"Ceasefire",1.18904606553077,1.17991491149056,0.00913115404020593,0.08103645499496,0.963333333333333
"common",100,20,0,"Implementation",1.1855341214499,1.17991491149056,0.00561920995933392,0.0707051380939544,0.966666666666667
"common",100,20,0,"Pre-negotiation",1.1894377187811,1.17991491149056,0.00952280729053592,0.0691114816398227,0.943333333333333
"common",100,20,0,"Renegotiation/Other",1.23634833900076,1.17991491149056,0.0564334275102026,0.193670696093341,0.96
"common",100,20,0,"Substantive Comprehensive",1.19295344340368,1.17991491149056,0.013038531913121,0.130947840971278,0.946666666666667
"common",100,20,0,"Substantive Partial",1.18910420923161,1.17991491149056,0.00918929774105146,0.0696364859417963,0.946666666666667
"common",100,20,0.25,"Ceasefire",1.18545116381476,1.17991491149056,0.00553625232419932,0.0800243370840461,0.93
"common",100,20,0.25,"Implementation",1.18343489739452,1.17991491149056,0.00351998590395633,0.0783326143006133,0.966666666666667
"common",100,20,0.25,"Pre-negotiation",1.18050303596962,1.17991491149056,0.0005881244790622,0.0753617132329015,0.946666666666667
"common",100,20,0.25,"Renegotiation/Other",1.19041897109524,1.17991491149056,0.0105040596046796,0.168100833624314,0.973333333333333
"common",100,20,0.25,"Substantive Comprehensive",1.18364781064094,1.17991491149056,0.00373289915037994,0.126373414379845,0.95
"common",100,20,0.25,"Substantive Partial",1.18215076665926,1.17991491149056,0.00223585516870293,0.0698510758906561,0.97
"common",100,20,0.52,"Ceasefire",1.18041656902145,1.17991491149056,0.000501657530888176,0.0765296922918123,0.966666666666667
"common",100,20,0.52,"Implementation",1.17762349369872,1.17991491149056,-0.00229141779184378,0.0850397754126247,0.963333333333333
"common",100,20,0.52,"Pre-negotiation",1.17949007565037,1.17991491149056,-0.000424835840193452,0.0713786279273231,0.956666666666667
"common",100,20,0.52,"Renegotiation/Other",1.19258418758928,1.17991491149056,0.0126692760987177,0.19457845108626,0.953333333333333
"common",100,20,0.52,"Substantive Comprehensive",1.20081102775466,1.17991491149056,0.0208961162640953,0.138770403151395,0.946666666666667
"common",100,20,0.52,"Substantive Partial",1.17928557742079,1.17991491149056,-0.000629334069773172,0.0751300271058422,0.946666666666667
"common",100,20,0.8,"Ceasefire",1.17095921520253,1.17991491149056,-0.00895569628803588,0.0805250397416035,0.95
"common",100,20,0.8,"Implementation",1.18416801238774,1.17991491149056,0.0042531008971813,0.0910505556123192,0.943333333333333
"common",100,20,0.8,"Pre-negotiation",1.17887122016494,1.17991491149056,-0.00104369132562536,0.0761153326025054,0.95
"common",100,20,0.8,"Renegotiation/Other",1.20644553338503,1.17991491149056,0.0265306218944675,0.210605604247339,0.936666666666667
"common",100,20,0.8,"Substantive Comprehensive",1.19549261317962,1.17991491149056,0.0155777016890575,0.142332891140918,0.953333333333333
"common",100,20,0.8,"Substantive Partial",1.18039655037265,1.17991491149056,0.000481638882092101,0.0823536415533753,0.936666666666667
"common",184,8,0,"Ceasefire",1.20040399426468,1.17991491149056,0.0204890827741219,0.0962467231141967,0.95
"common",184,8,0,"Implementation",1.20066613664943,1.17991491149056,0.0207512251588699,0.0969820396405109,0.936666666666667
"common",184,8,0,"Pre-negotiation",1.18025437325425,1.17991491149056,0.00033946176368733,0.0754015786280484,0.943333333333333
"common",184,8,0,"Renegotiation/Other",1.22157290047929,1.17991491149056,0.0416579889887283,0.224051302960829,0.963333333333333
"common",184,8,0,"Substantive Comprehensive",1.20219725074293,1.17991491149056,0.0222823392523705,0.15211952016661,0.96
"common",184,8,0,"Substantive Partial",1.19675845998888,1.17991491149056,0.0168435484983224,0.0788893181410709,0.943333333333333
"common",184,8,0.25,"Ceasefire",1.18777546790003,1.17991491149056,0.00786055640947175,0.0868530685844561,0.96
"common",184,8,0.25,"Implementation",1.18766905175548,1.17991491149056,0.00775414026492094,0.0947903318959586,0.96
"common",184,8,0.25,"Pre-negotiation",1.17723975032104,1.17991491149056,-0.00267516116952493,0.0826302083076837,0.956666666666667
"common",184,8,0.25,"Renegotiation/Other",1.21685767958105,1.17991491149056,0.0369427680904886,0.225718593093461,0.953333333333333
"common",184,8,0.25,"Substantive Comprehensive",1.20972101669915,1.17991491149056,0.0298061052085892,0.164194763809779,0.936666666666667
"common",184,8,0.25,"Substantive Partial",1.17803154985901,1.17991491149056,-0.00188336163155429,0.0851743536666769,0.953333333333333
"common",184,8,0.52,"Ceasefire",1.18647276498046,1.17991491149056,0.00655785348989884,0.094527346959403,0.933333333333333
"common",184,8,0.52,"Implementation",1.17784384662679,1.17991491149056,-0.00207106486377518,0.0986597433563833,0.94
"common",184,8,0.52,"Pre-negotiation",1.18078419284472,1.17991491149056,0.000869281354159848,0.0831853734893945,0.936666666666667
"common",184,8,0.52,"Renegotiation/Other",1.23431961839526,1.17991491149056,0.0544047069046941,0.24722649412239,0.943333333333333
"common",184,8,0.52,"Substantive Comprehensive",1.20625823863683,1.17991491149056,0.0263433271462659,0.159640489292017,0.95
"common",184,8,0.52,"Substantive Partial",1.18970985663851,1.17991491149056,0.00979494514794879,0.0825815430756571,0.966666666666667
"common",184,8,0.8,"Ceasefire",1.18832915682388,1.17991491149056,0.00841424533331662,0.0966072448434298,0.95
"common",184,8,0.8,"Implementation",1.18159467333945,1.17991491149056,0.00167976184888627,0.102427269915037,0.946666666666667
"common",184,8,0.8,"Pre-negotiation",1.18230348300452,1.17991491149056,0.00238857151395962,0.0860697068913328,0.953333333333333
"common",184,8,0.8,"Renegotiation/Other",1.21785092805262,1.17991491149056,0.0379360165620568,0.250293244016021,0.943333333333333
"common",184,8,0.8,"Substantive Comprehensive",1.20552730691331,1.17991491149056,0.0256123954227486,0.160654563925101,0.94
"common",184,8,0.8,"Substantive Partial",1.17607225014435,1.17991491149056,-0.00384266134621605,0.0867341329033617,0.956666666666667
"common",184,12,0,"Ceasefire",1.197633727797,1.17991491149056,0.017718816306443,0.0782884606027663,0.95
"common",184,12,0,"Implementation",1.18732291084427,1.17991491149056,0.00740799935370841,0.0747941100384272,0.953333333333333
"common",184,12,0,"Pre-negotiation",1.18915216012929,1.17991491149056,0.00923724863872406,0.0655463366982439,0.95
"common",184,12,0,"Renegotiation/Other",1.22668416001427,1.17991491149056,0.0467692485237076,0.182455014180549,0.953333333333333
"common",184,12,0,"Substantive Comprehensive",1.18525647487572,1.17991491149056,0.00534156338516031,0.120582127480361,0.946666666666667
"common",184,12,0,"Substantive Partial",1.18979403833885,1.17991491149056,0.0098791268482867,0.064863898800522,0.953333333333333
"common",184,12,0.25,"Ceasefire",1.17986432459281,1.17991491149056,-5.05868977528408e-05,0.0762858942381244,0.953333333333333
"common",184,12,0.25,"Implementation",1.18661049909048,1.17991491149056,0.00669558759991547,0.0819949431899034,0.936666666666667
"common",184,12,0.25,"Pre-negotiation",1.18092992454716,1.17991491149056,0.00101501305659868,0.0611701019464474,0.96
"common",184,12,0.25,"Renegotiation/Other",1.21179754827923,1.17991491149056,0.0318826367886636,0.194042802394453,0.936666666666667
"common",184,12,0.25,"Substantive Comprehensive",1.19002544663389,1.17991491149056,0.0101105351433291,0.12136156761075,0.97
"common",184,12,0.25,"Substantive Partial",1.18642597483756,1.17991491149056,0.00651106334700149,0.0682152465473573,0.966666666666667
"common",184,12,0.52,"Ceasefire",1.18227695197175,1.17991491149056,0.00236204048118928,0.0789221279857962,0.943333333333333
"common",184,12,0.52,"Implementation",1.17835453444932,1.17991491149056,-0.00156037704124395,0.0844994809032788,0.933333333333333
"common",184,12,0.52,"Pre-negotiation",1.17557871448178,1.17991491149056,-0.004336197008785,0.0652247411517942,0.96
"common",184,12,0.52,"Renegotiation/Other",1.19697757235555,1.17991491149056,0.0170626608649881,0.18991715083581,0.956666666666667
"common",184,12,0.52,"Substantive Comprehensive",1.18608993113278,1.17991491149056,0.00617501964221355,0.129357929910693,0.95
"common",184,12,0.52,"Substantive Partial",1.1861191372298,1.17991491149056,0.0062042257392423,0.0695075016150318,0.963333333333333
"common",184,12,0.8,"Ceasefire",1.18153283133697,1.17991491149056,0.00161791984640754,0.0777678468663403,0.96
"common",184,12,0.8,"Implementation",1.17715711473769,1.17991491149056,-0.00275779675287427,0.0844783717383337,0.953333333333333
"common",184,12,0.8,"Pre-negotiation",1.18365471587613,1.17991491149056,0.00373980438556486,0.0717385484309764,0.95
"common",184,12,0.8,"Renegotiation/Other",1.21094577680835,1.17991491149056,0.0310308653177915,0.196502443342161,0.95
"common",184,12,0.8,"Substantive Comprehensive",1.19125019788426,1.17991491149056,0.0113352863937003,0.134377395144401,0.946666666666667
"common",184,12,0.8,"Substantive Partial",1.18042898952778,1.17991491149056,0.000514078037214181,0.0774725503047607,0.943333333333333
"common",184,20,0,"Ceasefire",1.18494224052408,1.17991491149056,0.0050273290335151,0.0573287468603816,0.95
"common",184,20,0,"Implementation",1.18513143043363,1.17991491149056,0.00521651894306623,0.058670821513816,0.943333333333333
"common",184,20,0,"Pre-negotiation",1.190523265377,1.17991491149056,0.0106083538864373,0.0512283232413105,0.946666666666667
"common",184,20,0,"Renegotiation/Other",1.20864806923095,1.17991491149056,0.0287331577403889,0.137688847452612,0.946666666666667
"common",184,20,0,"Substantive Comprehensive",1.19064764655758,1.17991491149056,0.0107327350670153,0.0917320281456552,0.94
"common",184,20,0,"Substantive Partial",1.19197858899451,1.17991491149056,0.01206367750395,0.0515669936384833,0.953333333333333
"common",184,20,0.25,"Ceasefire",1.18068434679049,1.17991491149056,0.000769435299930206,0.0616417100112747,0.936666666666667
"common",184,20,0.25,"Implementation",1.18428110597043,1.17991491149056,0.00436619447986725,0.0603600744056851,0.946666666666667
"common",184,20,0.25,"Pre-negotiation",1.18032932200602,1.17991491149056,0.000414410515454499,0.0545045496716805,0.953333333333333
"common",184,20,0.25,"Renegotiation/Other",1.19626335081985,1.17991491149056,0.0163484393292867,0.138998824182848,0.923333333333333
"common",184,20,0.25,"Substantive Comprehensive",1.1936681986107,1.17991491149056,0.013753287120134,0.0990755392851237,0.94
"common",184,20,0.25,"Substantive Partial",1.18386991475634,1.17991491149056,0.00395500326577925,0.0526095000912471,0.963333333333333
"common",184,20,0.52,"Ceasefire",1.18776198392949,1.17991491149056,0.00784707243892751,0.0659125682252488,0.93
"common",184,20,0.52,"Implementation",1.17904487809134,1.17991491149056,-0.000870033399225364,0.0601544224056915,0.956666666666667
"common",184,20,0.52,"Pre-negotiation",1.17786437493325,1.17991491149056,-0.00205053655731502,0.0564317498590115,0.926666666666667
"common",184,20,0.52,"Renegotiation/Other",1.19390309334103,1.17991491149056,0.0139881818504689,0.137236660670765,0.956666666666667
"common",184,20,0.52,"Substantive Comprehensive",1.188331300533,1.17991491149056,0.00841638904243622,0.105217759481338,0.936666666666667
"common",184,20,0.52,"Substantive Partial",1.18182458009813,1.17991491149056,0.00190966860756563,0.0582749935280001,0.946666666666667
"common",184,20,0.8,"Ceasefire",1.17379052129569,1.17991491149056,-0.00612439019487227,0.0633647371432702,0.946666666666667
"common",184,20,0.8,"Implementation",1.18170253362399,1.17991491149056,0.00178762213342868,0.0627955265176228,0.953333333333333
"common",184,20,0.8,"Pre-negotiation",1.17872810474948,1.17991491149056,-0.00118680674108036,0.0537635462455816,0.963333333333333
"common",184,20,0.8,"Renegotiation/Other",1.1886391617485,1.17991491149056,0.00872425025793688,0.152412199693726,0.943333333333333
"common",184,20,0.8,"Substantive Comprehensive",1.18091666259765,1.17991491149056,0.00100175110708481,0.101582174127084,0.94
"common",184,20,0.8,"Substantive Partial",1.17726436473064,1.17991491149056,-0.00265054675992112,0.0571507699368939,0.956666666666667
"common",300,8,0,"Ceasefire",1.18219804146149,1.17991491149056,0.00228312997092601,0.0690224491566719,0.956666666666667
"common",300,8,0,"Implementation",1.18822061485726,1.17991491149056,0.00830570336670199,0.0694001263072315,0.956666666666667
"common",300,8,0,"Pre-negotiation",1.19126468580424,1.17991491149056,0.01134977431368,0.0617591337876102,0.946666666666667
"common",300,8,0,"Renegotiation/Other",1.20764693140703,1.17991491149056,0.0277320199164688,0.166985745869493,0.953333333333333
"common",300,8,0,"Substantive Comprehensive",1.19021104929588,1.17991491149056,0.010296137805318,0.117195188032056,0.956666666666667
"common",300,8,0,"Substantive Partial",1.18841565305427,1.17991491149056,0.00850074156370802,0.0611662736447166,0.96
"common",300,8,0.25,"Ceasefire",1.1780321243728,1.17991491149056,-0.00188278711776256,0.072424265176347,0.936666666666667
"common",300,8,0.25,"Implementation",1.18030463142122,1.17991491149056,0.000389719930655968,0.0812691582378132,0.923333333333333
"common",300,8,0.25,"Pre-negotiation",1.18103412169221,1.17991491149056,0.00111921020165023,0.0617135393328149,0.96
"common",300,8,0.25,"Renegotiation/Other",1.19191602098775,1.17991491149056,0.0120011094971834,0.175792504633788,0.953333333333333
"common",300,8,0.25,"Substantive Comprehensive",1.19680820854687,1.17991491149056,0.016893297056305,0.125001186454715,0.946666666666667
"common",300,8,0.25,"Substantive Partial",1.18291787518008,1.17991491149056,0.00300296368952116,0.0697459645720963,0.943333333333333
"common",300,8,0.52,"Ceasefire",1.18237482073582,1.17991491149056,0.00245990924525634,0.0746987578273836,0.946666666666667
"common",300,8,0.52,"Implementation",1.18477378360737,1.17991491149056,0.00485887211681287,0.0749836174688692,0.963333333333333
"common",300,8,0.52,"Pre-negotiation",1.18384096511003,1.17991491149056,0.003926053619468,0.061905441254595,0.966666666666667
"common",300,8,0.52,"Renegotiation/Other",1.22108216295618,1.17991491149056,0.0411672514656231,0.186487419121698,0.943333333333333
"common",300,8,0.52,"Substantive Comprehensive",1.18682720613136,1.17991491149056,0.00691229464080139,0.115266849818159,0.963333333333333
"common",300,8,0.52,"Substantive Partial",1.18012883174943,1.17991491149056,0.000213920258865897,0.0622720323232099,0.956666666666667
"common",300,8,0.8,"Ceasefire",1.17522666172464,1.17991491149056,-0.00468824976591842,0.0771284131012192,0.94
"common",300,8,0.8,"Implementation",1.18145818715061,1.17991491149056,0.00154327566004481,0.0823723749541839,0.946666666666667
"common",300,8,0.8,"Pre-negotiation",1.18380121141453,1.17991491149056,0.00388629992396879,0.0713411242514535,0.923333333333333
"common",300,8,0.8,"Renegotiation/Other",1.19758231543199,1.17991491149056,0.0176674039414252,0.188556217177131,0.953333333333333
"common",300,8,0.8,"Substantive Comprehensive",1.18599374010028,1.17991491149056,0.00607882860971529,0.129323557773455,0.943333333333333
"common",300,8,0.8,"Substantive Partial",1.18406084968247,1.17991491149056,0.00414593819190838,0.0732767753421121,0.94
"common",300,12,0,"Ceasefire",1.19023438157497,1.17991491149056,0.0103194700844061,0.0581711063484205,0.94
"common",300,12,0,"Implementation",1.19125338499362,1.17991491149056,0.0113384735030575,0.0557862093075217,0.976666666666667
"common",300,12,0,"Pre-negotiation",1.1871061748283,1.17991491149056,0.00719126333774088,0.0519555639040967,0.936666666666667
"common",300,12,0,"Renegotiation/Other",1.20020251362491,1.17991491149056,0.0202876021343481,0.140538160569812,0.946666666666667
"common",300,12,0,"Substantive Comprehensive",1.18914604116437,1.17991491149056,0.00923112967380429,0.0905992412025092,0.96
"common",300,12,0,"Substantive Partial",1.19040403360338,1.17991491149056,0.0104891221128189,0.0522054145750396,0.94
"common",300,12,0.25,"Ceasefire",1.18365194017233,1.17991491149056,0.00373702868176387,0.0571447974622886,0.943333333333333
"common",300,12,0.25,"Implementation",1.18247128901647,1.17991491149056,0.00255637752590767,0.0650110953053337,0.926666666666667
"common",300,12,0.25,"Pre-negotiation",1.18138383831365,1.17991491149056,0.00146892682308503,0.05018715837987,0.963333333333333
"common",300,12,0.25,"Renegotiation/Other",1.20092982211502,1.17991491149056,0.0210149106244573,0.151598756090313,0.923333333333333
"common",300,12,0.25,"Substantive Comprehensive",1.18264592926753,1.17991491149056,0.00273101777696902,0.0937191701206361,0.96
"common",300,12,0.25,"Substantive Partial",1.18134046048291,1.17991491149056,0.00142554899234411,0.0539392002241287,0.946666666666667
"common",300,12,0.52,"Ceasefire",1.18160707902576,1.17991491149056,0.00169216753520231,0.0650101276174205,0.936666666666667
"common",300,12,0.52,"Implementation",1.17725800545995,1.17991491149056,-0.00265690603060696,0.062634249852093,0.95
"common",300,12,0.52,"Pre-negotiation",1.17777641583091,1.17991491149056,-0.00213849565965375,0.0532965576014633,0.936666666666667
"common",300,12,0.52,"Renegotiation/Other",1.17758774796356,1.17991491149056,-0.00232716352700258,0.140283701184498,0.956666666666667
"common",300,12,0.52,"Substantive Comprehensive",1.1836008856037,1.17991491149056,0.00368597411313542,0.107316442371214,0.93
"common",300,12,0.52,"Substantive Partial",1.17742889555634,1.17991491149056,-0.00248601593422388,0.0599334988805197,0.92
"common",300,12,0.8,"Ceasefire",1.18055587963516,1.17991491149056,0.000640968144595765,0.0632416660659832,0.95
"common",300,12,0.8,"Implementation",1.17817235036281,1.17991491149056,-0.00174256112775473,0.063461258772765,0.956666666666667
"common",300,12,0.8,"Pre-negotiation",1.18425696744349,1.17991491149056,0.00434205595293146,0.0561892360529187,0.943333333333333
"common",300,12,0.8,"Renegotiation/Other",1.19208049725508,1.17991491149056,0.0121655857645196,0.14706329821404,0.946666666666667
"common",300,12,0.8,"Substantive Comprehensive",1.18293094255719,1.17991491149056,0.00301603106662397,0.101200437023553,0.936666666666667
"common",300,12,0.8,"Substantive Partial",1.18180556198387,1.17991491149056,0.00189065049331213,0.0573824322069269,0.953333333333333
"common",300,20,0,"Ceasefire",1.18681352009949,1.17991491149056,0.00689860860892678,0.0427877169945934,0.98
"common",300,20,0,"Implementation",1.18517190775705,1.17991491149056,0.00525699626648424,0.0446217892979804,0.956666666666667
"common",300,20,0,"Pre-negotiation",1.18143094043403,1.17991491149056,0.00151602894347191,0.0397123781161172,0.956666666666667
"common",300,20,0,"Renegotiation/Other",1.19310607790926,1.17991491149056,0.0131911664186962,0.106636772934913,0.936666666666667
"common",300,20,0,"Substantive Comprehensive",1.18113651391658,1.17991491149056,0.00122160242602316,0.0704377346750875,0.966666666666667
"common",300,20,0,"Substantive Partial",1.18576792905847,1.17991491149056,0.00585301756790941,0.0415900434392777,0.953333333333333
"common",300,20,0.25,"Ceasefire",1.18158213166347,1.17991491149056,0.00166722017290381,0.045842362844729,0.936666666666667
"common",300,20,0.25,"Implementation",1.18142041610926,1.17991491149056,0.00150550461869887,0.0435079357717415,0.966666666666667
"common",300,20,0.25,"Pre-negotiation",1.1817852769349,1.17991491149056,0.00187036544434095,0.0418501482816836,0.956666666666667
"common",300,20,0.25,"Renegotiation/Other",1.19362227507423,1.17991491149056,0.0137073635836718,0.116109259273643,0.93
"common",300,20,0.25,"Substantive Comprehensive",1.18775931066682,1.17991491149056,0.0078443991762559,0.0742111504894061,0.936666666666667
"common",300,20,0.25,"Substantive Partial",1.17963198480563,1.17991491149056,-0.000282926684926683,0.0417520154891645,0.94
"common",300,20,0.52,"Ceasefire",1.17762287342086,1.17991491149056,-0.00229203806969795,0.0446687603256646,0.956666666666667
"common",300,20,0.52,"Implementation",1.17810235902585,1.17991491149056,-0.00181255246471151,0.0474752084496052,0.946666666666667
"common",300,20,0.52,"Pre-negotiation",1.17929246560494,1.17991491149056,-0.000622445885623586,0.0427002406882233,0.956666666666667
"common",300,20,0.52,"Renegotiation/Other",1.18137510908491,1.17991491149056,0.00146019759435037,0.101305429136137,0.95
"common",300,20,0.52,"Substantive Comprehensive",1.18141187980706,1.17991491149056,0.00149696831649979,0.0723391137567502,0.963333333333333
"common",300,20,0.52,"Substantive Partial",1.18399254864168,1.17991491149056,0.00407763715111953,0.0438645101030039,0.946666666666667
"common",300,20,0.8,"Ceasefire",1.18195668192387,1.17991491149056,0.00204177043330745,0.0485686369896122,0.95
"common",300,20,0.8,"Implementation",1.17991111335726,1.17991491149056,-3.79813330413443e-06,0.0492280383214015,0.963333333333333
"common",300,20,0.8,"Pre-negotiation",1.18119536538945,1.17991491149056,0.00128045389888794,0.0428692815932829,0.96
"common",300,20,0.8,"Renegotiation/Other",1.1824331683334,1.17991491149056,0.00251825684283689,0.112262510533224,0.946666666666667
"common",300,20,0.8,"Substantive Comprehensive",1.18369206789136,1.17991491149056,0.00377715640080113,0.0787419000454576,0.946666666666667
"common",300,20,0.8,"Substantive Partial",1.18218237678578,1.17991491149056,0.00226746529521806,0.047585014683019,0.943333333333333
"common",500,8,0,"Ceasefire",1.1844170154092,1.17991491149056,0.00450210391863806,0.0544990889029213,0.93
"common",500,8,0,"Implementation",1.18765450143199,1.17991491149056,0.0077395899414237,0.0558766337831261,0.96
"common",500,8,0,"Pre-negotiation",1.18831405551698,1.17991491149056,0.0083991440264158,0.0467535703697921,0.953333333333333
"common",500,8,0,"Renegotiation/Other",1.20292409125679,1.17991491149056,0.0230091797662314,0.130376857868917,0.963333333333333
"common",500,8,0,"Substantive Comprehensive",1.18737532219034,1.17991491149056,0.00746041069977583,0.0913528823253566,0.933333333333333
"common",500,8,0,"Substantive Partial",1.18534947176297,1.17991491149056,0.00543456027240352,0.0481887616891496,0.96
"common",500,8,0.25,"Ceasefire",1.18084721219676,1.17991491149056,0.00093230070619842,0.0519951466731572,0.98
"common",500,8,0.25,"Implementation",1.1803818274325,1.17991491149056,0.000466915941934273,0.0596232106329274,0.946666666666667
"common",500,8,0.25,"Pre-negotiation",1.18458934835145,1.17991491149056,0.00467443686088614,0.0513191815973511,0.94
"common",500,8,0.25,"Renegotiation/Other",1.19714465349319,1.17991491149056,0.0172297420026322,0.139285442717816,0.936666666666667
"common",500,8,0.25,"Substantive Comprehensive",1.18769897198455,1.17991491149056,0.00778406049398356,0.0919892636360443,0.95
"common",500,8,0.25,"Substantive Partial",1.18150822809739,1.17991491149056,0.00159331660683271,0.0535316811512342,0.926666666666667
"common",500,8,0.52,"Ceasefire",1.18034952975933,1.17991491149056,0.000434618268773068,0.0578427664516273,0.936666666666667
"common",500,8,0.52,"Implementation",1.17757834967347,1.17991491149056,-0.00233656181709228,0.0659910037948133,0.926666666666667
"common",500,8,0.52,"Pre-negotiation",1.17725693312265,1.17991491149056,-0.00265797836791022,0.0517777892962626,0.936666666666667
"common",500,8,0.52,"Renegotiation/Other",1.19004100813287,1.17991491149056,0.0101260966423083,0.13936754413529,0.933333333333333
"common",500,8,0.52,"Substantive Comprehensive",1.18909192819041,1.17991491149056,0.00917701669984621,0.0929151882045258,0.946666666666667
"common",500,8,0.52,"Substantive Partial",1.17504322199974,1.17991491149056,-0.00487168949081757,0.0538146209415988,0.946666666666667
"common",500,8,0.8,"Ceasefire",1.18056191528716,1.17991491149056,0.000647003796599005,0.0572118445480537,0.95
"common",500,8,0.8,"Implementation",1.18274560636685,1.17991491149056,0.0028306948762923,0.0602580140362961,0.943333333333333
"common",500,8,0.8,"Pre-negotiation",1.17746741194882,1.17991491149056,-0.00244749954174249,0.051460416074159,0.96
"common",500,8,0.8,"Renegotiation/Other",1.19809044673767,1.17991491149056,0.0181755352471063,0.148400219473853,0.946666666666667
"common",500,8,0.8,"Substantive Comprehensive",1.18524697427326,1.17991491149056,0.00533206278270197,0.0932503137672715,0.963333333333333
"common",500,8,0.8,"Substantive Partial",1.18411188411322,1.17991491149056,0.00419697262266196,0.0523678922016725,0.956666666666667
"common",500,12,0,"Ceasefire",1.183154038808,1.17991491149056,0.0032391273174403,0.042925544012413,0.956666666666667
"common",500,12,0,"Implementation",1.18687011351541,1.17991491149056,0.0069552020248499,0.0416119395024762,0.976666666666667
"common",500,12,0,"Pre-negotiation",1.18609146404498,1.17991491149056,0.00617655255441982,0.041557319150486,0.946666666666667
"common",500,12,0,"Renegotiation/Other",1.1895281321597,1.17991491149056,0.009613220669136,0.103794550643336,0.94
"common",500,12,0,"Substantive Comprehensive",1.18779373162295,1.17991491149056,0.00787882013238717,0.0754422500585651,0.933333333333333
"common",500,12,0,"Substantive Partial",1.18497583784581,1.17991491149056,0.00506092635524455,0.0397387530557681,0.956666666666667
"common",500,12,0.25,"Ceasefire",1.17756460115233,1.17991491149056,-0.00235031033823636,0.0445264199459503,0.946666666666667
"common",500,12,0.25,"Implementation",1.18263184821625,1.17991491149056,0.00271693672568462,0.0474793220470385,0.95
"common",500,12,0.25,"Pre-negotiation",1.1817994679762,1.17991491149056,0.00188455648564186,0.0377156614426397,0.956666666666667
"common",500,12,0.25,"Renegotiation/Other",1.18141560576516,1.17991491149056,0.00150069427459923,0.0989139705999425,0.956666666666667
"common",500,12,0.25,"Substantive Comprehensive",1.1910691244922,1.17991491149056,0.0111542130016431,0.0742047347804454,0.946666666666667
"common",500,12,0.25,"Substantive Partial",1.17925003653407,1.17991491149056,-0.000664874956488997,0.0400705926354411,0.973333333333333
"common",500,12,0.52,"Ceasefire",1.17903560614888,1.17991491149056,-0.000879305341683733,0.045699285002808,0.953333333333333
"common",500,12,0.52,"Implementation",1.1812272366606,1.17991491149056,0.00131232517003656,0.0485901093737527,0.95
"common",500,12,0.52,"Pre-negotiation",1.18345003605765,1.17991491149056,0.00353512456708965,0.0417030602650534,0.936666666666667
"common",500,12,0.52,"Renegotiation/Other",1.17974918547184,1.17991491149056,-0.000165726018720366,0.107064653138935,0.953333333333333
"common",500,12,0.52,"Substantive Comprehensive",1.18454551394826,1.17991491149056,0.0046306024576959,0.0773329138337095,0.943333333333333
"common",500,12,0.52,"Substantive Partial",1.18182880893616,1.17991491149056,0.00191389744559754,0.0388759066615354,0.966666666666667
"common",500,12,0.8,"Ceasefire",1.18303991917283,1.17991491149056,0.00312500768227259,0.0480958103127585,0.946666666666667
"common",500,12,0.8,"Implementation",1.18138719209914,1.17991491149056,0.00147228060857464,0.0494870469982989,0.956666666666667
"common",500,12,0.8,"Pre-negotiation",1.1801669686939,1.17991491149056,0.000252057203339992,0.0428507505868733,0.943333333333333
"common",500,12,0.8,"Renegotiation/Other",1.19343695760191,1.17991491149056,0.0135220461113497,0.112819699429472,0.956666666666667
"common",500,12,0.8,"Substantive Comprehensive",1.18798619419681,1.17991491149056,0.00807128270624559,0.0805388774788467,0.943333333333333
"common",500,12,0.8,"Substantive Partial",1.177741545122,1.17991491149056,-0.00217336636856139,0.0485707531769773,0.926666666666667
"common",500,20,0,"Ceasefire",1.18589155390753,1.17991491149056,0.00597664241697294,0.0336361973647013,0.95
"common",500,20,0,"Implementation",1.18621810989631,1.17991491149056,0.00630319840575197,0.0357028322418154,0.953333333333333
"common",500,20,0,"Pre-negotiation",1.18460643616818,1.17991491149056,0.00469152467762129,0.030401878874652,0.946666666666667
"common",500,20,0,"Renegotiation/Other",1.18497273624381,1.17991491149056,0.00505782475324982,0.0790405303027322,0.95
"common",500,20,0,"Substantive Comprehensive",1.18356935842134,1.17991491149056,0.00365444693077748,0.0558058242366481,0.95
"common",500,20,0,"Substantive Partial",1.18312577149913,1.17991491149056,0.00321086000857133,0.0301027266902593,0.95
"common",500,20,0.25,"Ceasefire",1.17891507927124,1.17991491149056,-0.000999832219317776,0.0349951927228346,0.94
"common",500,20,0.25,"Implementation",1.18095776614502,1.17991491149056,0.00104285465445874,0.0345821518919288,0.946666666666667
"common",500,20,0.25,"Pre-negotiation",1.18154040425563,1.17991491149056,0.00162549276506797,0.032786879904897,0.926666666666667
"common",500,20,0.25,"Renegotiation/Other",1.17770296619728,1.17991491149056,-0.002211945293281,0.0720876234992252,0.966666666666667
"common",500,20,0.25,"Substantive Comprehensive",1.18532414351512,1.17991491149056,0.0054092320245587,0.057371138962837,0.93
"common",500,20,0.25,"Substantive Partial",1.18179883201869,1.17991491149056,0.00188392052812536,0.0348161203073338,0.933333333333333
"common",500,20,0.52,"Ceasefire",1.18475124636438,1.17991491149056,0.00483633487381807,0.0370845925837689,0.946666666666667
"common",500,20,0.52,"Implementation",1.17887175150731,1.17991491149056,-0.00104315998325467,0.0365902881592254,0.943333333333333
"common",500,20,0.52,"Pre-negotiation",1.18099423613969,1.17991491149056,0.00107932464912653,0.0310575915926233,0.963333333333333
"common",500,20,0.52,"Renegotiation/Other",1.1932698303576,1.17991491149056,0.0133549188670397,0.0865311004419474,0.923333333333333
"common",500,20,0.52,"Substantive Comprehensive",1.18320978631588,1.17991491149056,0.0032948748253224,0.0600820994781663,0.943333333333333
"common",500,20,0.52,"Substantive Partial",1.18232859897533,1.17991491149056,0.00241368748477082,0.0334303816184794,0.95
"common",500,20,0.8,"Ceasefire",1.18043823507732,1.17991491149056,0.00052332358676077,0.0384252691134292,0.95
"common",500,20,0.8,"Implementation",1.1797883317874,1.17991491149056,-0.000126579703159287,0.0361992543908742,0.956666666666667
"common",500,20,0.8,"Pre-negotiation",1.17764222252002,1.17991491149056,-0.00227268897053789,0.0336150745182492,0.953333333333333
"common",500,20,0.8,"Renegotiation/Other",1.1807961628044,1.17991491149056,0.000881251313834162,0.0946667374636889,0.933333333333333
"common",500,20,0.8,"Substantive Comprehensive",1.18087276401143,1.17991491149056,0.00095785252087054,0.0648708888992039,0.933333333333333
"common",500,20,0.8,"Substantive Partial",1.18096779622034,1.17991491149056,0.00105288472977987,0.033481041409502,0.966666666666667
"unequal",100,8,0,"Ceasefire",0.90151101644493,0.878779998657556,0.0227310177873742,0.0907405025273955,0.95
"unequal",100,8,0,"Implementation",1.14423542245052,1.11457613965712,0.0296592827933928,0.127038852286256,0.953333333333333
"unequal",100,8,0,"Pre-negotiation",0.96663919156173,0.954553437609444,0.0120857539522863,0.0902995892642133,0.956666666666667
"unequal",100,8,0,"Renegotiation/Other",2.81283177139366,1.84176988980272,0.971061881590939,3.56557936686191,0.973333333333333
"unequal",100,8,0,"Substantive Comprehensive",1.84193615481797,1.78019864682698,0.0617375079909948,0.3623834654351,0.966666666666667
"unequal",100,8,0,"Substantive Partial",0.880141941094126,0.880258346236464,-0.000116405142338393,0.0847149172473033,0.953333333333333
"unequal",100,8,0.25,"Ceasefire",0.884221229526783,0.878779998657556,0.00544123086922654,0.0992038698863716,0.956666666666667
"unequal",100,8,0.25,"Implementation",1.10874125704688,1.11457613965712,-0.00583488261023892,0.126209871535357,0.953333333333333
"unequal",100,8,0.25,"Pre-negotiation",0.953406664182421,0.954553437609444,-0.00114677342702213,0.0911570461337752,0.97
"unequal",100,8,0.25,"Renegotiation/Other",2.55676772603687,1.84176988980272,0.714997836234158,3.09184906594506,0.993333333333333
"unequal",100,8,0.25,"Substantive Comprehensive",1.88022936137855,1.78019864682698,0.100030714551573,0.43551600290789,0.936666666666667
"unequal",100,8,0.25,"Substantive Partial",0.865304780147561,0.880258346236464,-0.0149535660889033,0.0832671186106908,0.96
"unequal",100,8,0.52,"Ceasefire",0.879107877894684,0.878779998657556,0.000327879237127664,0.103463066992031,0.943333333333333
"unequal",100,8,0.52,"Implementation",1.12105591294987,1.11457613965712,0.00647977329274197,0.140061276052,0.943333333333333
"unequal",100,8,0.52,"Pre-negotiation",0.950835607820769,0.954553437609444,-0.00371782978867457,0.0978984082249999,0.95
"unequal",100,8,0.52,"Renegotiation/Other",2.90284806171477,1.84176988980272,1.06107817191205,3.64436678846961,0.993333333333333
"unequal",100,8,0.52,"Substantive Comprehensive",1.92409859431559,1.78019864682698,0.143899947488608,0.964405904253273,0.943333333333333
"unequal",100,8,0.52,"Substantive Partial",0.880391767252198,0.880258346236464,0.00013342101573398,0.0946876942049069,0.946666666666667
"unequal",100,8,0.8,"Ceasefire",0.882326354340596,0.878779998657556,0.00354635568303992,0.11035743947315,0.95
"unequal",100,8,0.8,"Implementation",1.12500489581885,1.11457613965712,0.0104287561617226,0.14242461765244,0.963333333333333
"unequal",100,8,0.8,"Pre-negotiation",0.952472261738769,0.954553437609444,-0.00208117587067456,0.100052865092877,0.95
"unequal",100,8,0.8,"Renegotiation/Other",3.27771265870522,1.84176988980272,1.4359427689025,4.4506269704838,0.98
"unequal",100,8,0.8,"Substantive Comprehensive",1.91593188679486,1.78019864682698,0.135733239967877,0.98848751857025,0.933333333333333
"unequal",100,8,0.8,"Substantive Partial",0.894528449849183,0.880258346236464,0.0142701036127192,0.102097473663731,0.933333333333333
"unequal",100,12,0,"Ceasefire",0.895946668570427,0.878779998657556,0.0171666699128706,0.0814867026367425,0.943333333333333
"unequal",100,12,0,"Implementation",1.1293314678619,1.11457613965712,0.0147553282047789,0.104148826880046,0.96
"unequal",100,12,0,"Pre-negotiation",0.973841464228203,0.954553437609444,0.0192880266187597,0.0744268693907376,0.963333333333333
"unequal",100,12,0,"Renegotiation/Other",2.01817349841595,1.84176988980272,0.176403608613234,1.22250350149676,0.963333333333333
"unequal",100,12,0,"Substantive Comprehensive",1.86114086864092,1.78019864682698,0.0809422218139436,0.311199402236924,0.953333333333333
"unequal",100,12,0,"Substantive Partial",0.898799371183049,0.880258346236464,0.0185410249465846,0.069760432634677,0.966666666666667
"unequal",100,12,0.25,"Ceasefire",0.885784860940633,0.878779998657556,0.0070048622830772,0.0866757615614759,0.936666666666667
"unequal",100,12,0.25,"Implementation",1.12729139871562,1.11457613965712,0.0127152590584977,0.101735434033384,0.966666666666667
"unequal",100,12,0.25,"Pre-negotiation",0.960081824371993,0.954553437609444,0.00552838676254952,0.0824012278964691,0.946666666666667
"unequal",100,12,0.25,"Renegotiation/Other",2.12194591119609,1.84176988980272,0.280176021393379,1.69885130710136,0.973333333333333
"unequal",100,12,0.25,"Substantive Comprehensive",1.8096814210543,1.78019864682698,0.029482774227321,0.280486831664289,0.97
"unequal",100,12,0.25,"Substantive Partial",0.880997480249072,0.880258346236464,0.000739134012607467,0.0762853367572509,0.94
"unequal",100,12,0.52,"Ceasefire",0.881765434130921,0.878779998657556,0.00298543547336497,0.0810731796602116,0.973333333333333
"unequal",100,12,0.52,"Implementation",1.11824391198175,1.11457613965712,0.00366777232462958,0.102564136577139,0.966666666666667
"unequal",100,12,0.52,"Pre-negotiation",0.948793177375153,0.954553437609444,-0.00576026023429029,0.08093640276836,0.95
"unequal",100,12,0.52,"Renegotiation/Other",2.0774671234956,1.84176988980272,0.235697233692886,1.2924820562802,0.946666666666667
"unequal",100,12,0.52,"Substantive Comprehensive",1.83048770199992,1.78019864682698,0.0502890551729436,0.320195859415629,0.96
"unequal",100,12,0.52,"Substantive Partial",0.88412929633526,0.880258346236464,0.00387095009879554,0.0736825700994849,0.953333333333333
"unequal",100,12,0.8,"Ceasefire",0.879943368836308,0.878779998657556,0.00116337017875177,0.0863618670454773,0.963333333333333
"unequal",100,12,0.8,"Implementation",1.11320251543113,1.11457613965712,-0.00137362422598951,0.116933326107406,0.953333333333333
"unequal",100,12,0.8,"Pre-negotiation",0.961332909348948,0.954553437609444,0.00677947173950409,0.0832828738085245,0.956666666666667
"unequal",100,12,0.8,"Renegotiation/Other",2.19656944485357,1.84176988980272,0.354799555050853,2.02205182007939,0.98
"unequal",100,12,0.8,"Substantive Comprehensive",1.86287907106938,1.78019864682698,0.0826804242424039,0.924214638605894,0.95
"unequal",100,12,0.8,"Substantive Partial",0.878584336505255,0.880258346236464,-0.0016740097312088,0.0825131793119962,0.94
"unequal",100,20,0,"Ceasefire",0.889502179054747,0.878779998657556,0.0107221803971912,0.0568002439738981,0.976666666666667
"unequal",100,20,0,"Implementation",1.1305368182592,1.11457613965712,0.0159606786020798,0.0816118946342506,0.926666666666667
"unequal",100,20,0,"Pre-negotiation",0.967725625821946,0.954553437609444,0.0131721882125022,0.0597409459182941,0.936666666666667
"unequal",100,20,0,"Renegotiation/Other",1.89787217140693,1.84176988980272,0.056102281604215,0.328087898692351,0.963333333333333
"unequal",100,20,0,"Substantive Comprehensive",1.82130302950061,1.78019864682698,0.0411043826736308,0.23598049600048,0.946666666666667
"unequal",100,20,0,"Substantive Partial",0.89229988907797,0.880258346236464,0.0120415428415062,0.0564568343437955,0.943333333333333
"unequal",100,20,0.25,"Ceasefire",0.880893328095534,0.878779998657556,0.00211332943797837,0.0670890708182727,0.926666666666667
"unequal",100,20,0.25,"Implementation",1.10316173281398,1.11457613965712,-0.011414406843141,0.0749956335523124,0.953333333333333
"unequal",100,20,0.25,"Pre-negotiation",0.954758881830787,0.954553437609444,0.000205444221343347,0.0593655628414848,0.943333333333333
"unequal",100,20,0.25,"Renegotiation/Other",1.91746491665644,1.84176988980272,0.0756950268537193,0.371710979506734,0.956666666666667
"unequal",100,20,0.25,"Substantive Comprehensive",1.8072464265874,1.78019864682698,0.027047779760424,0.228350680238461,0.956666666666667
"unequal",100,20,0.25,"Substantive Partial",0.878711832437845,0.880258346236464,-0.00154651379861878,0.0553474795876077,0.943333333333333
"unequal",100,20,0.52,"Ceasefire",0.877641593271146,0.878779998657556,-0.00113840538641005,0.0646689486822698,0.96
"unequal",100,20,0.52,"Implementation",1.11552922253549,1.11457613965712,0.000953082878368352,0.083276847326984,0.96
"unequal",100,20,0.52,"Pre-negotiation",0.957688139337614,0.954553437609444,0.00313470172817022,0.067215246531286,0.933333333333333
"unequal",100,20,0.52,"Renegotiation/Other",1.91087198181205,1.84176988980272,0.0691020920093298,0.387633933594026,0.953333333333333
"unequal",100,20,0.52,"Substantive Comprehensive",1.82477839932091,1.78019864682698,0.044579752493931,0.244776901367093,0.956666666666667
"unequal",100,20,0.52,"Substantive Partial",0.880566880006052,0.880258346236464,0.000308533769587483,0.0631417102767936,0.933333333333333
"unequal",100,20,0.8,"Ceasefire",0.879584289872641,0.878779998657556,0.000804291215085469,0.0728206772801648,0.933333333333333
"unequal",100,20,0.8,"Implementation",1.12091903262831,1.11457613965712,0.00634289297118735,0.0943357250097053,0.933333333333333
"unequal",100,20,0.8,"Pre-negotiation",0.957423465464699,0.954553437609444,0.00287002785525492,0.0674859554429502,0.946666666666667
"unequal",100,20,0.8,"Renegotiation/Other",1.9058517407978,1.84176988980272,0.0640818509950882,0.408589350723897,0.953333333333333
"unequal",100,20,0.8,"Substantive Comprehensive",1.81797478564775,1.78019864682698,0.0377761388207689,0.268829461324466,0.943333333333333
"unequal",100,20,0.8,"Substantive Partial",0.88287856506515,0.880258346236464,0.00262021882868544,0.0626330932702667,0.953333333333333
"unequal",184,8,0,"Ceasefire",0.889872311771397,0.878779998657556,0.0110923131138414,0.0720127680052468,0.94
"unequal",184,8,0,"Implementation",1.12924349551503,1.11457613965712,0.0146673558579043,0.0941064174968859,0.943333333333333
"unequal",184,8,0,"Pre-negotiation",0.967924049967124,0.954553437609444,0.0133706123576805,0.0677759552181465,0.936666666666667
"unequal",184,8,0,"Renegotiation/Other",2.06297116518124,1.84176988980272,0.221201275378519,1.44742662325559,0.953333333333333
"unequal",184,8,0,"Substantive Comprehensive",1.82131588846572,1.78019864682698,0.0411172416387395,0.250469979141169,0.976666666666667
"unequal",184,8,0,"Substantive Partial",0.889609921149219,0.880258346236464,0.00935157491275522,0.0651345361710514,0.936666666666667
"unequal",184,8,0.25,"Ceasefire",0.878309227731078,0.878779998657556,-0.000470770926477635,0.0748642747958341,0.936666666666667
"unequal",184,8,0.25,"Implementation",1.11732186712215,1.11457613965712,0.00274572746502567,0.0909370624209532,0.96
"unequal",184,8,0.25,"Pre-negotiation",0.958784175481472,0.954553437609444,0.00423073787202877,0.0699546722961577,0.946666666666667
"unequal",184,8,0.25,"Renegotiation/Other",1.99378773788073,1.84176988980272,0.152017848078011,1.20974102911093,0.973333333333333
"unequal",184,8,0.25,"Substantive Comprehensive",1.80757437139535,1.78019864682698,0.0273757245683719,0.251718308171804,0.96
"unequal",184,8,0.25,"Substantive Partial",0.875560093496024,0.880258346236464,-0.00469825274043992,0.0643953179284237,0.956666666666667
"unequal",184,8,0.52,"Ceasefire",0.87771985980756,0.878779998657556,-0.00106013884999615,0.0747517579099766,0.96
"unequal",184,8,0.52,"Implementation",1.11988977189393,1.11457613965712,0.00531363223680166,0.100378373757495,0.946666666666667
"unequal",184,8,0.52,"Pre-negotiation",0.948505391195729,0.954553437609444,-0.00604804641371468,0.0732972594159336,0.94
"unequal",184,8,0.52,"Renegotiation/Other",1.95664595772341,1.84176988980272,0.114876067920698,0.898333474887748,0.956666666666667
"unequal",184,8,0.52,"Substantive Comprehensive",1.83580516772888,1.78019864682698,0.0556065209019047,0.290766181331095,0.943333333333333
"unequal",184,8,0.52,"Substantive Partial",0.884449489083498,0.880258346236464,0.0041911428470334,0.0692058746871055,0.94
"unequal",184,8,0.8,"Ceasefire",0.880368948613022,0.878779998657556,0.00158894995546634,0.0788194060758707,0.94
"unequal",184,8,0.8,"Implementation",1.13131503399051,1.11457613965712,0.0167388943333836,0.115446000961906,0.92
"unequal",184,8,0.8,"Pre-negotiation",0.954145440809674,0.954553437609444,-0.000407996799770058,0.0758978907519637,0.943333333333333
"unequal",184,8,0.8,"Renegotiation/Other",2.12536561455929,1.84176988980272,0.283595724756573,1.66738262216677,0.983333333333333
"unequal",184,8,0.8,"Substantive Comprehensive",1.82427218875132,1.78019864682698,0.0440735419243413,0.287648441075819,0.953333333333333
"unequal",184,8,0.8,"Substantive Partial",0.878701981156062,0.880258346236464,-0.00155636508040237,0.0674573249392082,0.956666666666667
"unequal",184,12,0,"Ceasefire",0.89397166823946,0.878779998657556,0.0151916695819042,0.058654170830837,0.943333333333333
"unequal",184,12,0,"Implementation",1.11866010894037,1.11457613965712,0.0040839692832473,0.0768244357248297,0.943333333333333
"unequal",184,12,0,"Pre-negotiation",0.963111923209478,0.954553437609444,0.00855848560003406,0.054810747472068,0.966666666666667
"unequal",184,12,0,"Renegotiation/Other",1.91032355142246,1.84176988980272,0.0685536616197403,0.338462370981302,0.956666666666667
"unequal",184,12,0,"Substantive Comprehensive",1.80977576330481,1.78019864682698,0.0295771164778307,0.207582393201543,0.966666666666667
"unequal",184,12,0,"Substantive Partial",0.888780852696074,0.880258346236464,0.00852250645961009,0.0539984087240737,0.933333333333333
"unequal",184,12,0.25,"Ceasefire",0.880412292283789,0.878779998657556,0.00163229362623312,0.0601700564583165,0.946666666666667
"unequal",184,12,0.25,"Implementation",1.11429268572442,1.11457613965712,-0.000283453932701828,0.0736877050323515,0.96
"unequal",184,12,0.25,"Pre-negotiation",0.95823970657776,0.954553437609444,0.0036862689683159,0.0542689651467926,0.953333333333333
"unequal",184,12,0.25,"Renegotiation/Other",1.88016002384338,1.84176988980272,0.0383901340406667,0.322894619802201,0.966666666666667
"unequal",184,12,0.25,"Substantive Comprehensive",1.8178307539228,1.78019864682698,0.0376321070958228,0.212074149994837,0.946666666666667
"unequal",184,12,0.25,"Substantive Partial",0.875275862609801,0.880258346236464,-0.00498248362666332,0.0501677107082518,0.97
"unequal",184,12,0.52,"Ceasefire",0.875362594465972,0.878779998657556,-0.00341740419158435,0.0638540922368057,0.946666666666667
"unequal",184,12,0.52,"Implementation",1.12124635326621,1.11457613965712,0.00667021360909078,0.0809886034027375,0.943333333333333
"unequal",184,12,0.52,"Pre-negotiation",0.952097838125519,0.954553437609444,-0.00245559948392433,0.0570490326578727,0.956666666666667
"unequal",184,12,0.52,"Renegotiation/Other",1.94872062585568,1.84176988980272,0.106950736052966,0.368201838094364,0.96
"unequal",184,12,0.52,"Substantive Comprehensive",1.77893219971554,1.78019864682698,-0.00126644711143436,0.205832149239973,0.95
"unequal",184,12,0.52,"Substantive Partial",0.877715986351336,0.880258346236464,-0.00254235988512826,0.0519560059949473,0.953333333333333
"unequal",184,12,0.8,"Ceasefire",0.885450929571246,0.878779998657556,0.00667093091369027,0.0634602332349583,0.953333333333333
"unequal",184,12,0.8,"Implementation",1.12176493177811,1.11457613965712,0.00718879212098592,0.0901780828743907,0.923333333333333
"unequal",184,12,0.8,"Pre-negotiation",0.952655367954793,0.954553437609444,-0.0018980696546507,0.0625607457807985,0.963333333333333
"unequal",184,12,0.8,"Renegotiation/Other",1.92927660130207,1.84176988980272,0.0875067114993499,0.374597055251158,0.96
"unequal",184,12,0.8,"Substantive Comprehensive",1.79544058877732,1.78019864682698,0.0152419419503403,0.217575571419133,0.956666666666667
"unequal",184,12,0.8,"Substantive Partial",0.886581895531964,0.880258346236464,0.00632354929549934,0.0551914937912601,0.96
"unequal",184,20,0,"Ceasefire",0.892935997040817,0.878779998657556,0.0141559983832615,0.0478816730830039,0.933333333333333
"unequal",184,20,0,"Implementation",1.12538109467146,1.11457613965712,0.0108049550143401,0.064327010061783,0.903333333333333
"unequal",184,20,0,"Pre-negotiation",0.958329407063198,0.954553437609444,0.00377596945375445,0.0418189380426162,0.963333333333333
"unequal",184,20,0,"Renegotiation/Other",1.89165823708066,1.84176988980272,0.0498883472779408,0.259212668703211,0.936666666666667
"unequal",184,20,0,"Substantive Comprehensive",1.78874438445853,1.78019864682698,0.0085457376315497,0.148842378600743,0.963333333333333
"unequal",184,20,0,"Substantive Partial",0.888097042599108,0.880258346236464,0.00783869636264412,0.038961336695983,0.976666666666667
"unequal",184,20,0.25,"Ceasefire",0.877006121519497,0.878779998657556,-0.00177387713805883,0.0433742086632822,0.966666666666667
"unequal",184,20,0.25,"Implementation",1.11401407762294,1.11457613965712,-0.000562062034181756,0.0620046915125506,0.933333333333333
"unequal",184,20,0.25,"Pre-negotiation",0.955681910359164,0.954553437609444,0.00112847274972061,0.0460382398798648,0.926666666666667
"unequal",184,20,0.25,"Renegotiation/Other",1.85701333368537,1.84176988980272,0.0152434438826555,0.221713081042961,0.97
"unequal",184,20,0.25,"Substantive Comprehensive",1.796514509572,1.78019864682698,0.01631586274502,0.161955516984543,0.956666666666667
"unequal",184,20,0.25,"Substantive Partial",0.883297859964371,0.880258346236464,0.00303951372790712,0.0412336518194937,0.95
"unequal",184,20,0.52,"Ceasefire",0.873657714906284,0.878779998657556,-0.00512228375127156,0.0482881083421684,0.943333333333333
"unequal",184,20,0.52,"Implementation",1.11239616074735,1.11457613965712,-0.00217997890977578,0.0579012740337387,0.953333333333333
"unequal",184,20,0.52,"Pre-negotiation",0.955656601112104,0.954553437609444,0.00110316350266062,0.0462207992267644,0.946666666666667
"unequal",184,20,0.52,"Renegotiation/Other",1.85904360703868,1.84176988980272,0.0172737172359663,0.246585730724851,0.956666666666667
"unequal",184,20,0.52,"Substantive Comprehensive",1.79707630603632,1.78019864682698,0.0168776592093375,0.172882101454139,0.933333333333333
"unequal",184,20,0.52,"Substantive Partial",0.877301993674281,0.880258346236464,-0.00295635256218377,0.0457194287025815,0.94
"unequal",184,20,0.8,"Ceasefire",0.884061876008093,0.878779998657556,0.00528187735053744,0.0551923601045818,0.926666666666667
"unequal",184,20,0.8,"Implementation",1.12250084226505,1.11457613965712,0.00792470260792208,0.0653757811672358,0.943333333333333
"unequal",184,20,0.8,"Pre-negotiation",0.953128768328457,0.954553437609444,-0.0014246692809865,0.0526154950732237,0.916666666666667
"unequal",184,20,0.8,"Renegotiation/Other",1.89824672809555,1.84176988980272,0.0564768382928372,0.288098561063363,0.953333333333333
"unequal",184,20,0.8,"Substantive Comprehensive",1.81162506134897,1.78019864682698,0.0314264145219932,0.167920641787156,0.963333333333333
"unequal",184,20,0.8,"Substantive Partial",0.883904222383112,0.880258346236464,0.00364587614664737,0.0456371067708645,0.956666666666667
"unequal",300,8,0,"Ceasefire",0.888939735916962,0.878779998657556,0.0101597372594059,0.054789628211924,0.96
"unequal",300,8,0,"Implementation",1.12517163341333,1.11457613965712,0.0105954937562072,0.0722018881198123,0.953333333333333
"unequal",300,8,0,"Pre-negotiation",0.964802032051801,0.954553437609444,0.0102485944423577,0.0516991615755893,0.956666666666667
"unequal",300,8,0,"Renegotiation/Other",1.94556377886733,1.84176988980272,0.103793889064618,0.348186897918095,0.936666666666667
"unequal",300,8,0,"Substantive Comprehensive",1.82349105677973,1.78019864682698,0.0432924099527512,0.193618132209736,0.956666666666667
"unequal",300,8,0,"Substantive Partial",0.889542916572972,0.880258346236464,0.00928457033650796,0.049631387162815,0.943333333333333
"unequal",300,8,0.25,"Ceasefire",0.878298413189478,0.878779998657556,-0.000481585468077939,0.0580030310301603,0.96
"unequal",300,8,0.25,"Implementation",1.11100280921915,1.11457613965712,-0.0035733304379737,0.0774373205160879,0.933333333333333
"unequal",300,8,0.25,"Pre-negotiation",0.953721379787129,0.954553437609444,-0.000832057822315142,0.0506777156748167,0.956666666666667
"unequal",300,8,0.25,"Renegotiation/Other",1.90406688509569,1.84176988980272,0.062296995292974,0.336904282404585,0.956666666666667
"unequal",300,8,0.25,"Substantive Comprehensive",1.79763194012281,1.78019864682698,0.017433293295831,0.197305611411824,0.963333333333333
"unequal",300,8,0.25,"Substantive Partial",0.882134167750667,0.880258346236464,0.00187582151420241,0.0533309145021325,0.95
"unequal",300,8,0.52,"Ceasefire",0.881933137797502,0.878779998657556,0.00315313913994641,0.0595268619985511,0.946666666666667
"unequal",300,8,0.52,"Implementation",1.12091923635374,1.11457613965712,0.00634309669661274,0.0771177495604576,0.953333333333333
"unequal",300,8,0.52,"Pre-negotiation",0.953774818791273,0.954553437609444,-0.00077861881817109,0.0531605561607237,0.95
"unequal",300,8,0.52,"Renegotiation/Other",1.91306310748696,1.84176988980272,0.071293217684247,0.333100067798361,0.976666666666667
"unequal",300,8,0.52,"Substantive Comprehensive",1.81331722084686,1.78019864682698,0.0331185740198775,0.211141578408252,0.95
"unequal",300,8,0.52,"Substantive Partial",0.886077145542402,0.880258346236464,0.00581879930593808,0.0565060189759928,0.94
"unequal",300,8,0.8,"Ceasefire",0.878986195164414,0.878779998657556,0.000206196506858092,0.0578832806066738,0.956666666666667
"unequal",300,8,0.8,"Implementation",1.1242002515117,1.11457613965712,0.00962411185457829,0.0840471362808898,0.94
"unequal",300,8,0.8,"Pre-negotiation",0.951414787170371,0.954553437609444,-0.00313865043907306,0.0602484840435819,0.936666666666667
"unequal",300,8,0.8,"Renegotiation/Other",1.92479988040085,1.84176988980272,0.0830299905981347,0.388289750622885,0.933333333333333
"unequal",300,8,0.8,"Substantive Comprehensive",1.79617939417695,1.78019864682698,0.0159807473499754,0.214755906456284,0.943333333333333
"unequal",300,8,0.8,"Substantive Partial",0.880606141697876,0.880258346236464,0.000347795461411693,0.0599212276841691,0.926666666666667
"unequal",300,12,0,"Ceasefire",0.882628146455504,0.878779998657556,0.00384814779794821,0.041345594697363,0.966666666666667
"unequal",300,12,0,"Implementation",1.12420095226861,1.11457613965712,0.00962481261148541,0.0595678973516914,0.95
"unequal",300,12,0,"Pre-negotiation",0.966895972320924,0.954553437609444,0.0123425347114805,0.0408283387612456,0.956666666666667
"unequal",300,12,0,"Renegotiation/Other",1.9136810703575,1.84176988980272,0.0719111805547877,0.26148267054767,0.93
"unequal",300,12,0,"Substantive Comprehensive",1.78582427942637,1.78019864682698,0.00562563259939081,0.159872629481202,0.966666666666667
"unequal",300,12,0,"Substantive Partial",0.887931392770073,0.880258346236464,0.00767304653360892,0.0416811385742129,0.94
"unequal",300,12,0.25,"Ceasefire",0.874767350951479,0.878779998657556,-0.00401264770607671,0.0458099652431526,0.943333333333333
"unequal",300,12,0.25,"Implementation",1.1148145631529,1.11457613965712,0.000238423495778692,0.05978360728195,0.943333333333333
"unequal",300,12,0.25,"Pre-negotiation",0.952480298513916,0.954553437609444,-0.00207313909552734,0.042455260561433,0.953333333333333
"unequal",300,12,0.25,"Renegotiation/Other",1.89283798509544,1.84176988980272,0.0510680952927206,0.255586530824672,0.956666666666667
"unequal",300,12,0.25,"Substantive Comprehensive",1.78948230738323,1.78019864682698,0.00928366055625126,0.166850885578823,0.936666666666667
"unequal",300,12,0.25,"Substantive Partial",0.881247924812962,0.880258346236464,0.000989578576497406,0.0476490771028804,0.926666666666667
"unequal",300,12,0.52,"Ceasefire",0.88259053894198,0.878779998657556,0.00381054028442428,0.0499372758149066,0.946666666666667
"unequal",300,12,0.52,"Implementation",1.11706283807091,1.11457613965712,0.00248669841378215,0.0604604575909429,0.956666666666667
"unequal",300,12,0.52,"Pre-negotiation",0.957619379709647,0.954553437609444,0.00306594210020297,0.043729763262318,0.956666666666667
"unequal",300,12,0.52,"Renegotiation/Other",1.8821717456314,1.84176988980272,0.0404018558286831,0.252083948240926,0.946666666666667
"unequal",300,12,0.52,"Substantive Comprehensive",1.79634109036885,1.78019864682698,0.0161424435418745,0.166382856800004,0.946666666666667
"unequal",300,12,0.52,"Substantive Partial",0.879184053825578,0.880258346236464,-0.00107429241088587,0.0449731766685839,0.933333333333333
"unequal",300,12,0.8,"Ceasefire",0.878846103446697,0.878779998657556,6.61047891413417e-05,0.0488239161500653,0.956666666666667
"unequal",300,12,0.8,"Implementation",1.12026323190489,1.11457613965712,0.00568709224777094,0.0690798622576359,0.936666666666667
"unequal",300,12,0.8,"Pre-negotiation",0.953295297691029,0.954553437609444,-0.00125813991841497,0.0484252047007427,0.943333333333333
"unequal",300,12,0.8,"Renegotiation/Other",1.86719937428399,1.84176988980272,0.0254294844812723,0.295624549152185,0.943333333333333
"unequal",300,12,0.8,"Substantive Comprehensive",1.80389981523276,1.78019864682698,0.0237011684057783,0.182507401432981,0.93
"unequal",300,12,0.8,"Substantive Partial",0.879651235268431,0.880258346236464,-0.000607110968033012,0.0468231941400331,0.95
"unequal",300,20,0,"Ceasefire",0.88560476800173,0.878779998657556,0.0068247693441739,0.0358614326580507,0.936666666666667
"unequal",300,20,0,"Implementation",1.12139158528647,1.11457613965712,0.00681544562934655,0.0446126519718534,0.963333333333333
"unequal",300,20,0,"Pre-negotiation",0.96074920260303,0.954553437609444,0.00619576499358614,0.0323658780372346,0.97
"unequal",300,20,0,"Renegotiation/Other",1.8578909003778,1.84176988980272,0.0161210105750875,0.18092722352157,0.956666666666667
"unequal",300,20,0,"Substantive Comprehensive",1.79607353725192,1.78019864682698,0.0158748904249405,0.122573353047131,0.943333333333333
"unequal",300,20,0,"Substantive Partial",0.883225325104262,0.880258346236464,0.0029669788677974,0.0337359161349835,0.933333333333333
"unequal",300,20,0.25,"Ceasefire",0.88040768099504,0.878779998657556,0.00162768233748388,0.0354734241218272,0.963333333333333
"unequal",300,20,0.25,"Implementation",1.1150696237804,1.11457613965712,0.000493484123273125,0.046462050705814,0.943333333333333
"unequal",300,20,0.25,"Pre-negotiation",0.955980531154297,0.954553437609444,0.00142709354485375,0.0347966623402624,0.956666666666667
"unequal",300,20,0.25,"Renegotiation/Other",1.85089474470483,1.84176988980272,0.00912485490211287,0.174299398715663,0.946666666666667
"unequal",300,20,0.25,"Substantive Comprehensive",1.79115378356157,1.78019864682698,0.0109551367345926,0.124188402256007,0.953333333333333
"unequal",300,20,0.25,"Substantive Partial",0.881512096072977,0.880258346236464,0.00125374983651251,0.033046804968627,0.953333333333333
"unequal",300,20,0.52,"Ceasefire",0.877996329630699,0.878779998657556,-0.000783669026857257,0.0393939491958429,0.93
"unequal",300,20,0.52,"Implementation",1.11716952056597,1.11457613965712,0.00259338090884243,0.0516527501377022,0.933333333333333
"unequal",300,20,0.52,"Pre-negotiation",0.955581453383183,0.954553437609444,0.00102801577373903,0.0358126373108133,0.963333333333333
"unequal",300,20,0.52,"Renegotiation/Other",1.87085767346444,1.84176988980272,0.0290877836617273,0.197619374692692,0.95
"unequal",300,20,0.52,"Substantive Comprehensive",1.79074920304827,1.78019864682698,0.0105505562212928,0.131720956388442,0.946666666666667
"unequal",300,20,0.52,"Substantive Partial",0.878066633255458,0.880258346236464,-0.00219171298100587,0.0348678475750121,0.936666666666667
"unequal",300,20,0.8,"Ceasefire",0.875699669998936,0.878779998657556,-0.00308032865861956,0.0380965733652397,0.943333333333333
"unequal",300,20,0.8,"Implementation",1.10813831490459,1.11457613965712,-0.00643782475253757,0.0475370965604692,0.97
"unequal",300,20,0.8,"Pre-negotiation",0.952134136257781,0.954553437609444,-0.0024193013516626,0.0369998163052755,0.976666666666667
"unequal",300,20,0.8,"Renegotiation/Other",1.8822552311711,1.84176988980272,0.0404853413683796,0.229949149497546,0.946666666666667
"unequal",300,20,0.8,"Substantive Comprehensive",1.79020643028663,1.78019864682698,0.0100077834596509,0.139432671277446,0.963333333333333
"unequal",300,20,0.8,"Substantive Partial",0.880025293913422,0.880258346236464,-0.000233052323041894,0.03778827658384,0.936666666666667
"unequal",500,8,0,"Ceasefire",0.888006674167122,0.878779998657556,0.00922667550956651,0.0445546962981081,0.936666666666667
"unequal",500,8,0,"Implementation",1.11863107243355,1.11457613965712,0.00405493277642242,0.0568919625281715,0.953333333333333
"unequal",500,8,0,"Pre-negotiation",0.961767081429543,0.954553437609444,0.00721364382009922,0.041591502029035,0.94
"unequal",500,8,0,"Renegotiation/Other",1.89312813754049,1.84176988980272,0.0513582477377711,0.238360886207202,0.943333333333333
"unequal",500,8,0,"Substantive Comprehensive",1.80753450260378,1.78019864682698,0.0273358557768032,0.155560087988934,0.94
"unequal",500,8,0,"Substantive Partial",0.889586175849699,0.880258346236464,0.00932782961323507,0.0400425984487599,0.946666666666667
"unequal",500,8,0.25,"Ceasefire",0.880439265215158,0.878779998657556,0.0016592665576021,0.0424583310796751,0.96
"unequal",500,8,0.25,"Implementation",1.1212950654737,1.11457613965712,0.00671892581657974,0.0586986203052184,0.96
"unequal",500,8,0.25,"Pre-negotiation",0.956612248437548,0.954553437609444,0.00205881082810407,0.0398654503552139,0.953333333333333
"unequal",500,8,0.25,"Renegotiation/Other",1.86424518033655,1.84176988980272,0.0224752905338389,0.223181878227375,0.96
"unequal",500,8,0.25,"Substantive Comprehensive",1.81193410847235,1.78019864682698,0.031735461645373,0.160550454377657,0.943333333333333
"unequal",500,8,0.25,"Substantive Partial",0.8788539425244,0.880258346236464,-0.00140440371206461,0.0389611156155526,0.94
"unequal",500,8,0.52,"Ceasefire",0.880026234957498,0.878779998657556,0.00124623629994208,0.0449609877166658,0.946666666666667
"unequal",500,8,0.52,"Implementation",1.11709613665825,1.11457613965712,0.00251999700112135,0.0611395525314951,0.93
"unequal",500,8,0.52,"Pre-negotiation",0.957146948960614,0.954553437609444,0.00259351135117031,0.0397992077881319,0.98
"unequal",500,8,0.52,"Renegotiation/Other",1.89264034997163,1.84176988980272,0.0508704601689163,0.243981127149172,0.966666666666667
"unequal",500,8,0.52,"Substantive Comprehensive",1.81061838053322,1.78019864682698,0.0304197337062425,0.170271434445608,0.91
"unequal",500,8,0.52,"Substantive Partial",0.880498761530538,0.880258346236464,0.000240415294074018,0.0406007836954217,0.946666666666667
"unequal",500,8,0.8,"Ceasefire",0.882187308093307,0.878779998657556,0.00340730943575105,0.0462150539950157,0.95
"unequal",500,8,0.8,"Implementation",1.11459395531785,1.11457613965712,1.78156607237034e-05,0.0608401853220892,0.936666666666667
"unequal",500,8,0.8,"Pre-negotiation",0.953676455469459,0.954553437609444,-0.000876982139984303,0.043993736521298,0.946666666666667
"unequal",500,8,0.8,"Renegotiation/Other",1.88657884535829,1.84176988980272,0.0448089555555787,0.271949811220736,0.956666666666667
"unequal",500,8,0.8,"Substantive Comprehensive",1.79583152112718,1.78019864682698,0.0156328743001988,0.161582904364624,0.966666666666667
"unequal",500,8,0.8,"Substantive Partial",0.882054201195065,0.880258346236464,0.00179585495860027,0.0438873812256826,0.94
"unequal",500,12,0,"Ceasefire",0.885533679860109,0.878779998657556,0.00675368120255281,0.0341221651420134,0.953333333333333
"unequal",500,12,0,"Implementation",1.11960597391989,1.11457613965712,0.00502983426276942,0.0450637175978733,0.943333333333333
"unequal",500,12,0,"Pre-negotiation",0.958370731922507,0.954553437609444,0.003817294313063,0.0321126589501215,0.95
"unequal",500,12,0,"Renegotiation/Other",1.86960769140821,1.84176988980272,0.0278378016054923,0.171857972451165,0.963333333333333
"unequal",500,12,0,"Substantive Comprehensive",1.79859653245244,1.78019864682698,0.0183978856254657,0.118314492603436,0.963333333333333
"unequal",500,12,0,"Substantive Partial",0.886232263067524,0.880258346236464,0.00597391683105956,0.0295576495273255,0.96
"unequal",500,12,0.25,"Ceasefire",0.878541341610012,0.878779998657556,-0.000238657047544107,0.0362740560982924,0.96
"unequal",500,12,0.25,"Implementation",1.11574079969583,1.11457613965712,0.00116466003870901,0.049246660848362,0.93
"unequal",500,12,0.25,"Pre-negotiation",0.952694936773046,0.954553437609444,-0.0018585008363978,0.034433276484848,0.963333333333333
"unequal",500,12,0.25,"Renegotiation/Other",1.88882316000859,1.84176988980272,0.0470532702058786,0.201464860827638,0.943333333333333
"unequal",500,12,0.25,"Substantive Comprehensive",1.78684669330721,1.78019864682698,0.0066480464802313,0.126921292050855,0.94
"unequal",500,12,0.25,"Substantive Partial",0.879797908688134,0.880258346236464,-0.000460437548330129,0.0321250522114464,0.956666666666667
"unequal",500,12,0.52,"Ceasefire",0.875578047415559,0.878779998657556,-0.00320195124199661,0.0393138055652897,0.936666666666667
"unequal",500,12,0.52,"Implementation",1.10928001164259,1.11457613965712,-0.00529612801452974,0.0485312623749853,0.956666666666667
"unequal",500,12,0.52,"Pre-negotiation",0.952432655641537,0.954553437609444,-0.00212078196790636,0.0382258070257276,0.926666666666667
"unequal",500,12,0.52,"Renegotiation/Other",1.87126892488819,1.84176988980272,0.0294990350854729,0.205405822500701,0.953333333333333
"unequal",500,12,0.52,"Substantive Comprehensive",1.79782682876894,1.78019864682698,0.0176281819419658,0.12483271060076,0.956666666666667
"unequal",500,12,0.52,"Substantive Partial",0.877547986192463,0.880258346236464,-0.00271036004400107,0.0340399510670428,0.96
"unequal",500,12,0.8,"Ceasefire",0.879033769382758,0.878779998657556,0.000253770725202016,0.0414867965514987,0.936666666666667
"unequal",500,12,0.8,"Implementation",1.11423711558511,1.11457613965712,-0.00033902407201815,0.0518433765624215,0.946666666666667
"unequal",500,12,0.8,"Pre-negotiation",0.952098654909393,0.954553437609444,-0.00245478270005093,0.036862035281609,0.953333333333333
"unequal",500,12,0.8,"Renegotiation/Other",1.8567815758298,1.84176988980272,0.01501168602708,0.209127975995622,0.936666666666667
"unequal",500,12,0.8,"Substantive Comprehensive",1.8072528946046,1.78019864682698,0.0270542477776182,0.142305558173966,0.95
"unequal",500,12,0.8,"Substantive Partial",0.880770109072005,0.880258346236464,0.00051176283554114,0.035778979370013,0.96
"unequal",500,20,0,"Ceasefire",0.88345188063857,0.878779998657556,0.00467188198101367,0.0257230663587344,0.95
"unequal",500,20,0,"Implementation",1.11806407217975,1.11457613965712,0.0034879325226308,0.0345550809315643,0.943333333333333
"unequal",500,20,0,"Pre-negotiation",0.95687591966382,0.954553437609444,0.00232248205437625,0.0256579264669469,0.953333333333333
"unequal",500,20,0,"Renegotiation/Other",1.85946710378053,1.84176988980272,0.0176972139778141,0.150006815399263,0.95
"unequal",500,20,0,"Substantive Comprehensive",1.77986761179141,1.78019864682698,-0.000331035035571712,0.0937349724687999,0.946666666666667
"unequal",500,20,0,"Substantive Partial",0.884603985890212,0.880258346236464,0.00434563965374813,0.0236288630903812,0.963333333333333
"unequal",500,20,0.25,"Ceasefire",0.881755315494191,0.878779998657556,0.00297531683663528,0.0278031691021221,0.95
"unequal",500,20,0.25,"Implementation",1.11825485499496,1.11457613965712,0.00367871533783303,0.0340538724441128,0.953333333333333
"unequal",500,20,0.25,"Pre-negotiation",0.953021670832971,0.954553437609444,-0.00153176677647246,0.0273198667477062,0.936666666666667
"unequal",500,20,0.25,"Renegotiation/Other",1.84072308935525,1.84176988980272,-0.00104680044746796,0.136774348581899,0.973333333333333
"unequal",500,20,0.25,"Substantive Comprehensive",1.78493290520494,1.78019864682698,0.00473425837795736,0.102497477213936,0.94
"unequal",500,20,0.25,"Substantive Partial",0.881458294271648,0.880258346236464,0.00119994803518331,0.0264471364948735,0.943333333333333
"unequal",500,20,0.52,"Ceasefire",0.879131196123598,0.878779998657556,0.000351197466042544,0.0278488459159171,0.953333333333333
"unequal",500,20,0.52,"Implementation",1.11594508934388,1.11457613965712,0.00136894968675853,0.0353301252819472,0.953333333333333
"unequal",500,20,0.52,"Pre-negotiation",0.954583716496127,0.954553437609444,3.02788866834562e-05,0.0279625658461878,0.956666666666667
"unequal",500,20,0.52,"Renegotiation/Other",1.84531041309485,1.84176988980272,0.00354052329212927,0.143737675566556,0.946666666666667
"unequal",500,20,0.52,"Substantive Comprehensive",1.80172307858686,1.78019864682698,0.0215244317598855,0.112763386248951,0.916666666666667
"unequal",500,20,0.52,"Substantive Partial",0.880348187101735,0.880258346236464,8.98408652706865e-05,0.0272903366896681,0.943333333333333
"unequal",500,20,0.8,"Ceasefire",0.880196491615094,0.878779998657556,0.00141649295753786,0.0318546803540084,0.946666666666667
"unequal",500,20,0.8,"Implementation",1.1174521993833,1.11457613965712,0.00287605972617792,0.0406569458916237,0.926666666666667
"unequal",500,20,0.8,"Pre-negotiation",0.956891615089689,0.954553437609444,0.00233817748024526,0.0299986156565521,0.953333333333333
"unequal",500,20,0.8,"Renegotiation/Other",1.86712022151519,1.84176988980272,0.0253503317124751,0.166228996980592,0.956666666666667
"unequal",500,20,0.8,"Substantive Comprehensive",1.77802014886637,1.78019864682698,-0.00217849796060435,0.107616196657611,0.936666666666667
"unequal",500,20,0.8,"Substantive Partial",0.879723989437169,0.880258346236464,-0.000534356799294891,0.0281633809514185,0.95
