"baseline_design","n_processes","mean_length","beta_true","model","successful_replications","departure_logloss_mean","departure_logloss_sd","departure_brier_mean","departure_brier_sd","calibration_intercept_mean","calibration_slope_mean","full_logloss_mean","full_brier_mean"
"common",100,8,0,"Dual-clock model",300,0.623132626615997,0.0141455846442706,0.215375898642605,0.00653405226359936,0.804679180916495,0.00851672830949033,1.60063638177314,0.778340323115847
"common",100,8,0,"Global alpha-beta model",300,0.622937885334957,0.0140230423540845,0.215312195240901,0.006512214870808,0.806209196093904,0.00880386670738601,1.6004416404921,0.778251709233097
"common",100,8,0,"Origin-specific homogeneous",300,0.621674033011981,0.0137539793556194,0.214800799600546,0.00641578561085907,0.795682500651924,0.0177657314137154,1.59917778816912,0.777602099537138
"common",100,8,0,"Spline spell-age model",278,0.630678604956036,0.0362400997694707,0.215801397303116,0.00667041377097964,0.804323049959482,0.00981869264968041,1.60796507819452,0.77876690429934
"common",100,8,0,"Stage-Spell SPAOM",300,0.621665806367282,0.0137400632062242,0.214801826206035,0.00640884922794361,0.790555987607272,0.0244423269494891,1.59916956152443,0.777608254822117
"common",100,8,0.25,"Dual-clock model",300,0.637677434041398,0.0179406439298507,0.222080630746988,0.00632463950314241,0.445558892772187,0.375156523078031,1.58477744081173,0.77137412708058
"common",100,8,0.25,"Global alpha-beta model",300,0.641460154876537,0.0189867667500296,0.223706394609492,0.00663366349627254,0.678745220599908,0.0534429077492667,1.58856016164686,0.773455737760253
"common",100,8,0.25,"Origin-specific homogeneous",300,0.640175004126673,0.0186271200930912,0.223188029131629,0.00647068099569593,0.693917103648361,0.0294247232104775,1.587275010897,0.772788830149717
"common",100,8,0.25,"Spline spell-age model",295,0.638936138340402,0.0197643220727444,0.222408637443388,0.00657381922098199,0.48064121721319,0.329448330672726,1.58630556693679,0.771931950319553
"common",100,8,0.25,"Stage-Spell SPAOM",300,0.636863817918009,0.0178514923341934,0.221746644450388,0.00630084178844629,0.398435965729303,0.439852788907957,1.58396382468834,0.770941702431419
"common",100,8,0.52,"Dual-clock model",300,0.644733119059433,0.0150762244509162,0.225872950110526,0.00648210450464026,0.0984663170030466,0.812792882779521,1.54408349995437,0.751182692957228
"common",100,8,0.52,"Global alpha-beta model",300,0.66246658408613,0.0164254768136305,0.234174147869068,0.00674066041883248,0.455771773552528,0.190193976271731,1.56181696498107,0.761786234747769
"common",100,8,0.52,"Origin-specific homogeneous",300,0.662123963273919,0.0159366825254502,0.234049346090573,0.00646635169288109,0.546257267474561,0.0312008953427872,1.56147434416886,0.761626698220409
"common",100,8,0.52,"Spline spell-age model",300,0.645564808668345,0.0156470817083271,0.226227738625161,0.00668666935843913,0.116504237964096,0.781519773580934,1.54491518956328,0.751633278783427
"common",100,8,0.52,"Stage-Spell SPAOM",300,0.643876031885182,0.0148628251412494,0.225511849800618,0.00641344480952072,0.0797443894059392,0.846484363988241,1.54322641278012,0.750719486053037
"common",100,8,0.8,"Dual-clock model",300,0.637098814085908,0.0134160176699475,0.222467392819035,0.00623579895386782,0.0171380077407701,0.934097185698159,1.47878281712141,0.716762980301608
"common",100,8,0.8,"Global alpha-beta model",300,0.678963057881692,0.0131906395963967,0.242690467613299,0.00617581826577264,0.219936144241031,0.412325371524329,1.5206470609172,0.742548748320398
"common",100,8,0.8,"Origin-specific homogeneous",300,0.681767801039938,0.0124702286413518,0.244092456367394,0.00594808684669393,0.376332550780979,0.0298347771719466,1.52345180407544,0.744303294235308
"common",100,8,0.8,"Spline spell-age model",300,0.637996927779958,0.0137267393048801,0.222847934003969,0.00637714726094375,0.0250937727752813,0.915153112188398,1.47968093081546,0.717240171387028
"common",100,8,0.8,"Stage-Spell SPAOM",300,0.636350775790701,0.0134095300937499,0.222154847919978,0.00624578094349817,0.0123995622382781,0.947611216229927,1.47803477882621,0.716363634658105
"common",100,12,0,"Dual-clock model",300,0.621192925156782,0.0113799444739674,0.214651530538598,0.00526327671785636,0.788542176085312,0.0249748149006832,1.59320172879485,0.776174624771651
"common",100,12,0,"Global alpha-beta model",300,0.620982533522797,0.0111546793692079,0.214567986083207,0.00517442048518137,0.796470532408276,0.014534075803321,1.59299133716087,0.776072470798972
"common",100,12,0,"Origin-specific homogeneous",300,0.620277419317663,0.0110692239149462,0.214279988350491,0.00515671214194067,0.796109816773548,0.0168557503672633,1.59228622295573,0.775706896900264
"common",100,12,0,"Spline spell-age model",297,0.622507511612095,0.0124324889564743,0.214956583794061,0.00532252478676853,0.783512312104509,0.0319632325186604,1.59446333665485,0.77652511020007
"common",100,12,0,"Stage-Spell SPAOM",300,0.620404697510577,0.0110055411275171,0.214336447585318,0.00513253000370932,0.808097618033933,0.0031278789362116,1.59241350114865,0.77577759288432
"common",100,12,0.25,"Dual-clock model",300,0.63607981985164,0.0107645725794612,0.221932080099769,0.00507660983499865,0.299847919527603,0.557413528248849,1.57297764424803,0.767378588930063
"common",100,12,0.25,"Global alpha-beta model",300,0.640071269307318,0.0108820128449135,0.223706900965681,0.00512468812710896,0.662774941104567,0.0479737202208512,1.57696909370371,0.769633500520295
"common",100,12,0.25,"Origin-specific homogeneous",300,0.639252232856611,0.010908448011399,0.223367992385822,0.00515918268379837,0.71318584438093,-0.0212516586866842,1.57615005725301,0.769194795800561
"common",100,12,0.25,"Spline spell-age model",300,0.637082848348413,0.0114603338807787,0.222266492288515,0.00520635244241152,0.348411908139863,0.488868791396975,1.57398067274481,0.767802562212781
"common",100,12,0.25,"Stage-Spell SPAOM",300,0.635656131808882,0.0107664235101087,0.221755744633106,0.00508491173911764,0.265771913641214,0.605467524866532,1.57255395620528,0.767150770039011
"common",100,12,0.52,"Dual-clock model",300,0.642690667686848,0.011209707293243,0.225228402023579,0.00527545990317583,0.0342097332000256,0.925455259054933,1.5293337374675,0.745097344373259
"common",100,12,0.52,"Global alpha-beta model",300,0.662525380249978,0.0110775371748003,0.234673511222017,0.0052451950053077,0.39639302949311,0.250439294054684,1.54916845003063,0.757150090806437
"common",100,12,0.52,"Origin-specific homogeneous",300,0.662572218488995,0.0107679585904836,0.234707763259434,0.00513266048269377,0.504233674657019,0.0529788381483798,1.54921528826965,0.757178219404349
"common",100,12,0.52,"Spline spell-age model",300,0.643391212591999,0.0115312618940293,0.225572706373379,0.00542419360825474,0.0491485694190954,0.897170877327429,1.53003428237265,0.745537173092849
"common",100,12,0.52,"Stage-Spell SPAOM",300,0.642231788095964,0.0111520622613859,0.225028914457165,0.00525980239961924,0.0245004338812092,0.944450622913018,1.52887485787662,0.744839832928741
"common",100,12,0.8,"Dual-clock model",300,0.63178593495429,0.0112991689777575,0.220066338254016,0.00526491368214338,-0.00456642464408753,0.977908511116231,1.44670286252735,0.701034781808162
"common",100,12,0.8,"Global alpha-beta model",300,0.683449450976869,0.00865811213212013,0.245010903895931,0.0041072858353713,0.163910784248837,0.453158421116231,1.49836637854993,0.732804903277174
"common",100,12,0.8,"Origin-specific homogeneous",300,0.686310212504993,0.00830554878206978,0.246416797015032,0.00399290219654785,0.317662451576528,0.00669769128103765,1.50122714007805,0.734571211930189
"common",100,12,0.8,"Spline spell-age model",300,0.632230733361675,0.0111898280290333,0.220233493884219,0.0052227437365976,-0.0030624333298221,0.971821901939694,1.44714766093473,0.701250316764039
"common",100,12,0.8,"Stage-Spell SPAOM",300,0.631264449675636,0.0111358368122812,0.219844844091454,0.00520181566880987,-0.00742730225348175,0.986815343374958,1.44618137724869,0.700753022735389
"common",100,20,0,"Dual-clock model",300,0.619558937865945,0.0088192592931531,0.213997967275263,0.00413949269163847,0.79251241201167,0.0218912950552102,1.58695797547215,0.774422589740302
"common",100,20,0,"Global alpha-beta model",300,0.619504697298499,0.00873672906250128,0.213978089693354,0.00410621938236732,0.809683059997581,0.000897695623597777,1.5869037349047,0.774399222530535
"common",100,20,0,"Origin-specific homogeneous",300,0.618945001042461,0.00872013464047713,0.213743933832789,0.00410784546402512,0.793485612897461,0.0208004010006875,1.58634403864866,0.774098422855991
"common",100,20,0,"Spline spell-age model",300,0.620000053980308,0.00920472150640066,0.214090612316209,0.00420480228647138,0.790486878195677,0.023502819198061,1.58739909158651,0.774540786442179
"common",100,20,0,"Stage-Spell SPAOM",300,0.619013090196791,0.00875114297426917,0.213773527386893,0.00411987536465741,0.802236174567165,0.00937172341849832,1.58641212780299,0.774136925139996
"common",100,20,0.25,"Dual-clock model",300,0.634636993961424,0.00861504060514043,0.221337447304637,0.00407451874225914,0.176092949758523,0.74217545957185,1.56734349131013,0.76548324419918
"common",100,20,0.25,"Global alpha-beta model",300,0.638929195540557,0.00868986144980803,0.223272954533139,0.00411991977268397,0.67039704260616,0.0346505352938633,1.57163569288926,0.767952015792094
"common",100,20,0.25,"Origin-specific homogeneous",300,0.638368293305998,0.00853392509096978,0.223029581366281,0.00406024688181337,0.688800740217235,0.00747584838000157,1.5710747906547,0.767641125775424
"common",100,20,0.25,"Spline spell-age model",300,0.6350070208878,0.00878407534207392,0.221501067816129,0.00413245470149909,0.210189837526951,0.691989920461878,1.5677135182365,0.765693287489742
"common",100,20,0.25,"Stage-Spell SPAOM",300,0.634375165707319,0.00853261689610831,0.221222481807793,0.00404037662050801,0.146089536547384,0.785165696196759,1.56708166305602,0.765337268147422
"common",100,20,0.52,"Dual-clock model",300,0.641651206889985,0.00794627415453943,0.224798169505483,0.00377180538213101,0.0260161352810961,0.953607597082552,1.51968518620166,0.741216906858738
"common",100,20,0.52,"Global alpha-beta model",300,0.663314357138982,0.007793460634832,0.235139202650658,0.00374878535615434,0.431902620177091,0.173317456152492,1.54134833645065,0.754382593589417
"common",100,20,0.52,"Origin-specific homogeneous",300,0.663347289830797,0.00768762940306124,0.235163890397551,0.00371384521649846,0.551908128139306,-0.0604486426259468,1.54138126914247,0.754407051745594
"common",100,20,0.52,"Spline spell-age model",300,0.64201470351237,0.00802350579133509,0.224977792792041,0.00380787479084656,0.0304600846630775,0.943628789156814,1.52004868282404,0.741445830716369
"common",100,20,0.52,"Stage-Spell SPAOM",300,0.64137776817354,0.00795078944817207,0.224680312739798,0.00377509551567092,0.0203902180711065,0.964717216528271,1.51941174748521,0.741064971867613
"common",100,20,0.8,"Dual-clock model",300,0.625702927156214,0.00917037649448535,0.217425706214648,0.00419673741528224,0.00364560979727827,0.989909620498358,1.41592442417879,0.686527409457336
"common",100,20,0.8,"Global alpha-beta model",300,0.686554686843568,0.00629221748048036,0.246643176227873,0.00301882080183327,0.139107964105926,0.458389319100073,1.47677618386615,0.723771553630394
"common",100,20,0.8,"Origin-specific homogeneous",300,0.688518835724648,0.00610778725696882,0.247618477646655,0.00296916712171423,0.254501776414092,0.0261271834145276,1.47874033274723,0.725001378654193
"common",100,20,0.8,"Spline spell-age model",300,0.626122340748395,0.00932046006211931,0.217582758745726,0.00426121048273777,0.00465874198878113,0.984351443434195,1.41634383777097,0.686728072916706
"common",100,20,0.8,"Stage-Spell SPAOM",300,0.625428333753785,0.00912154442380878,0.2173067286185,0.00417993466680333,0.00241014481863592,0.993700587410838,1.41564983077636,0.686372882252659
"common",184,8,0,"Dual-clock model",300,0.620285625696485,0.0105918468907745,0.214282301233609,0.00494672151580415,0.825607505605523,-0.0153746391706056,1.59087111053075,0.775616111189215
"common",184,8,0,"Global alpha-beta model",300,0.620204935993269,0.0106503238805716,0.214251976231452,0.00497435791462069,0.826745824549938,-0.0177246498912674,1.59079042082753,0.775581729498626
"common",184,8,0,"Origin-specific homogeneous",300,0.619500554074447,0.0105048977221249,0.21395861405449,0.0049225581669435,0.809632360414586,0.00444123217252605,1.59008603890871,0.775207778057212
"common",184,8,0,"Spline spell-age model",283,0.620558469598559,0.0105128138655178,0.214289784910917,0.00485976803734343,0.807256039927725,0.00676560514405249,1.59162026036328,0.775821590082077
"common",184,8,0,"Stage-Spell SPAOM",300,0.619549719097755,0.0104953247618971,0.213979816293816,0.00491762241985978,0.81029414101288,0.00312383073000038,1.59013520393202,0.77523562905376
"common",184,8,0.25,"Dual-clock model",300,0.633907582729362,0.00930858594088825,0.220923300230072,0.00439987037551842,0.289593249999758,0.587665414351977,1.57325939913356,0.767903710969223
"common",184,8,0.25,"Global alpha-beta model",300,0.637456673138911,0.00940854364547099,0.222512699254193,0.00445561268724694,0.687191179386424,0.0326130592337542,1.57680848954311,0.76992985290707
"common",184,8,0.25,"Origin-specific homogeneous",300,0.636878403073843,0.00927913370239801,0.222267517148159,0.0044103606954281,0.753284606644889,-0.0595118553354025,1.57623021947804,0.76961638641295
"common",184,8,0.25,"Spline spell-age model",300,0.634610963112563,0.00969430698709049,0.221171335781766,0.0044820203597094,0.332377801246916,0.529414282871272,1.57396277951676,0.768217828617472
"common",184,8,0.25,"Stage-Spell SPAOM",300,0.633548144996638,0.00928430193928262,0.220769802030166,0.00439294475169422,0.257971504928812,0.632565927538371,1.57289996140084,0.767706452442589
"common",184,8,0.52,"Dual-clock model",300,0.641761094667038,0.0098121021797732,0.224797310554654,0.0046306730706833,0.0419130846370615,0.904585366810685,1.53328592240373,0.748179618023815
"common",184,8,0.52,"Global alpha-beta model",300,0.658430362674754,0.00991707433728772,0.232702062636422,0.00471618734464093,0.399076021688957,0.278675392223949,1.54995519041145,0.758259574362642
"common",184,8,0.52,"Origin-specific homogeneous",300,0.658758063814626,0.00970087183353623,0.232863657178281,0.00464730516684041,0.560936430933597,-0.00417082833321752,1.55028289155132,0.758463262717754
"common",184,8,0.52,"Spline spell-age model",300,0.64226083050747,0.00993464338996196,0.225048837896711,0.00468925453759212,0.0558232810407347,0.88004200141637,1.53378565824417,0.748511662418445
"common",184,8,0.52,"Stage-Spell SPAOM",300,0.641399369368928,0.00972443480477776,0.224642111284248,0.0045962894003775,0.0314326996925484,0.923371260791802,1.53292419710562,0.747982811239342
"common",184,8,0.8,"Dual-clock model",300,0.634937856020979,0.00948605485327311,0.221549079474626,0.00443655311841545,0.00596195238914423,0.965210830279512,1.46851304857778,0.713599169011305
"common",184,8,0.8,"Global alpha-beta model",300,0.675950163085363,0.00825467489574296,0.241374085519547,0.00393065655540273,0.173387347770645,0.531184635733627,1.50952535564216,0.73887535868396
"common",184,8,0.8,"Origin-specific homogeneous",300,0.679489204519677,0.00780307373065954,0.243077717398624,0.00376828738965005,0.398006558773023,-0.041153176211658,1.51306439707648,0.741068983200007
"common",184,8,0.8,"Spline spell-age model",300,0.635379245007786,0.00951848801018632,0.221738837727666,0.00444759953249663,0.00977428286434711,0.95579833370749,1.46895443756458,0.713843672512625
"common",184,8,0.8,"Stage-Spell SPAOM",300,0.634585667812697,0.0093774089292048,0.22139785348614,0.0043917634647664,0.00318711793641212,0.972534014519128,1.4681608603695,0.713408312581971
"common",184,12,0,"Dual-clock model",300,0.619320042127353,0.00854502535306363,0.213888183668767,0.00401295540915462,0.825866434202571,-0.0182480028261812,1.58683357550173,0.774291162252539
"common",184,12,0,"Global alpha-beta model",300,0.619200007923168,0.00854887365592581,0.213839436854903,0.00401904194910145,0.814218488719846,-0.00318795160592111,1.58671354129755,0.774228127702013
"common",184,12,0,"Origin-specific homogeneous",300,0.618732493372533,0.00851336002402736,0.213644476777283,0.0040071458613209,0.812828575548281,-0.00218280285328296,1.58624602674691,0.773976933774834
"common",184,12,0,"Spline spell-age model",299,0.619578581218413,0.008676653011936,0.213931781167392,0.00403905493420417,0.811959403794935,-0.00231570620698975,1.58716136781413,0.774384175146621
"common",184,12,0,"Stage-Spell SPAOM",300,0.618832332899954,0.00850781419386586,0.213687902278287,0.00400440919471762,0.832943362770817,-0.0266413100891649,1.58634586627433,0.774032249934683
"common",184,12,0.25,"Dual-clock model",300,0.633701485334201,0.0078584954189769,0.2208857149984,0.0037236099364296,0.172728063735472,0.745625056622118,1.56816588693789,0.765907132154785
"common",184,12,0.25,"Global alpha-beta model",300,0.63749274558345,0.00798891776354059,0.222596366068063,0.00379303997394771,0.624125673305349,0.108174623441022,1.57195714718714,0.768089488675097
"common",184,12,0.25,"Origin-specific homogeneous",300,0.637152509044956,0.00807887380434775,0.222450758938356,0.00384005999630053,0.684467195339049,0.0234295846743981,1.57161691064864,0.767897721718289
"common",184,12,0.25,"Spline spell-age model",300,0.634055263620352,0.00795545068832115,0.221042420533333,0.00376244580958695,0.206638412071793,0.69771680398696,1.56851966522404,0.766105913659873
"common",184,12,0.25,"Stage-Spell SPAOM",300,0.633495590728534,0.00788652949504431,0.220797964677257,0.00373726652891408,0.146286615633895,0.783449677357099,1.56795999233222,0.765794437287057
"common",184,12,0.52,"Dual-clock model",300,0.641586252643821,0.00723501511309772,0.224769906214985,0.00342984931511841,0.0275143248715083,0.943938005580416,1.52389981101671,0.744051563929223
"common",184,12,0.52,"Global alpha-beta model",300,0.660427224710675,0.00706363102875138,0.233749525137206,0.00339911491595599,0.385770159486008,0.278650381964048,1.54274078308357,0.755506971356195
"common",184,12,0.52,"Origin-specific homogeneous",300,0.660720616319556,0.00704990931876873,0.233892003557927,0.00340948355948956,0.525497950289599,0.0221305245622285,1.54303417469245,0.755684394776895
"common",184,12,0.52,"Spline spell-age model",300,0.641945093183102,0.00712484300982953,0.224947784492592,0.00338156515132605,0.0337745391623582,0.931065508927031,1.524258651556,0.744273843319872
"common",184,12,0.52,"Stage-Spell SPAOM",300,0.641342558203628,0.00717647384760468,0.224663249921646,0.00340849050233098,0.0217069387147746,0.954609658690392,1.52365611657652,0.743912336023298
"common",184,12,0.8,"Dual-clock model",300,0.6304552963782,0.00801499688540257,0.219525783273378,0.00374582772418236,-0.00414568581574585,0.990318545425411,1.43943634482173,0.699033838658002
"common",184,12,0.8,"Global alpha-beta model",300,0.680685568981746,0.00597371129440059,0.243775290632182,0.0028694985393806,0.115349923744288,0.602501230610349,1.48966661742528,0.729972471572896
"common",184,12,0.8,"Origin-specific homogeneous",300,0.684020400613361,0.00587462723119379,0.245387675538868,0.0028449668861277,0.32611438477954,-0.0319045638443042,1.49300144905689,0.732040259268291
"common",184,12,0.8,"Spline spell-age model",300,0.630632414519236,0.0081543992207454,0.219597015591231,0.00380933293384775,-0.00282282398463296,0.986412633211286,1.43961346296277,0.699125830668994
"common",184,12,0.8,"Stage-Spell SPAOM",300,0.630185836072318,0.0080400558421112,0.219408598453649,0.00375908968597395,-0.00561224092776532,0.994622736073769,1.43916688451585,0.69888364484519
"common",184,20,0,"Dual-clock model",300,0.618216396550532,0.00625290605257895,0.213421590567496,0.00294372531738107,0.784674622652645,0.0352075188563777,1.58352218506476,0.773307243882912
"common",184,20,0,"Global alpha-beta model",300,0.618235924975777,0.00625807587397281,0.213430560782951,0.00294601724307234,0.798054623483178,0.0187200665396713,1.58354171349,0.773318481960867
"common",184,20,0,"Origin-specific homogeneous",300,0.617987640887459,0.00616920284792521,0.213326398456177,0.00291170750578171,0.784512915214898,0.0360724288880851,1.58329342940169,0.77318738201256
"common",184,20,0,"Spline spell-age model",300,0.618416075323511,0.0062352895927595,0.21349366940807,0.00293221952155345,0.794730443631008,0.0229582454114701,1.58372186383774,0.773402403988418
"common",184,20,0,"Stage-Spell SPAOM",300,0.618014004177892,0.00616374169696351,0.213337567200848,0.00290894953144145,0.780438493040272,0.0405112985918079,1.58331979269212,0.773201242316764
"common",184,20,0.25,"Dual-clock model",300,0.633824989149331,0.00631939882612303,0.220983417237995,0.00299899051042051,0.100723532245592,0.850132059075951,1.56296263078069,0.764164221142948
"common",184,20,0.25,"Global alpha-beta model",300,0.637743713317821,0.00637267696634359,0.222762275379534,0.00304103256477241,0.614427142192426,0.113007442745911,1.56688135494918,0.766435999561891
"common",184,20,0.25,"Origin-specific homogeneous",300,0.637595267729315,0.0063539164076807,0.222698296653722,0.00303542735354762,0.65926138079762,0.0467956118596409,1.56673290936068,0.766356938421153
"common",184,20,0.25,"Spline spell-age model",300,0.634081539007432,0.00641648151701869,0.221101290638092,0.00303826579912446,0.133614767079085,0.802430818089224,1.56321918063879,0.764317311335513
"common",184,20,0.25,"Stage-Spell SPAOM",300,0.633730994735679,0.0063140326051564,0.220943539659106,0.00299677755956302,0.0879796048562356,0.868588696809939,1.56286863636704,0.764114720178847
"common",184,20,0.52,"Dual-clock model",300,0.641465872808726,0.00564989247421089,0.224746727230792,0.00267453777235743,0.0119393386790681,0.971183621708508,1.51473152059567,0.739648603256946
"common",184,20,0.52,"Global alpha-beta model",300,0.662520033193612,0.0058915045770231,0.234806405933029,0.00284459182274394,0.355821228588157,0.308387968014255,1.53578568098056,0.752497177181364
"common",184,20,0.52,"Origin-specific homogeneous",300,0.662814631376626,0.00582630316943878,0.234945764586109,0.00282384517721356,0.505973562636535,0.0188354611635172,1.53608027916357,0.752675519640894
"common",184,20,0.52,"Spline spell-age model",300,0.641676632656392,0.00565112792517704,0.224850747530693,0.00267563253507997,0.0142823729645764,0.965710628507677,1.51494228044334,0.739779670410108
"common",184,20,0.52,"Stage-Spell SPAOM",300,0.64134586186939,0.00564423828685809,0.224693660089704,0.0026728280354537,0.0093798254737311,0.976332885726051,1.51461150965634,0.739580144353757
"common",184,20,0.8,"Dual-clock model",300,0.6252419590019,0.00681512031059674,0.217256392489855,0.00313553155955918,0.00367428232535671,0.990047305840005,1.40980571814069,0.684197332724013
"common",184,20,0.8,"Global alpha-beta model",300,0.684660761430119,0.00371596772323216,0.245776822458968,0.00181178934236812,0.097277946237988,0.615531119772058,1.46922452056891,0.720604456171295
"common",184,20,0.8,"Origin-specific homogeneous",300,0.687413099802869,0.003719603219526,0.247113997413166,0.00183615047530973,0.248461739409897,0.0242423105356336,1.47197685894166,0.722311444313164
"common",184,20,0.8,"Spline spell-age model",300,0.625468112850743,0.00685976095476053,0.217346915549363,0.00315920908560634,0.0043261958795952,0.987009408346982,1.41003187198954,0.684314407495542
"common",184,20,0.8,"Stage-Spell SPAOM",300,0.625125524407793,0.00683738420691176,0.217206242490848,0.00314605107610407,0.00313813508599681,0.991852104201263,1.40968928354659,0.684133095956702
"common",300,8,0,"Dual-clock model",300,0.619015628273726,0.00798062040418982,0.213769505016439,0.00375360741158698,0.810928174243719,0.00165780677496595,1.58553995155681,0.773914410112031
"common",300,8,0,"Global alpha-beta model",300,0.619061257034899,0.00800657411817978,0.21379009017097,0.00376784581074007,0.833129889141712,-0.0270680924097971,1.58558558031798,0.773938715143505
"common",300,8,0,"Origin-specific homogeneous",300,0.618646626179524,0.0079028827206107,0.213616480770961,0.00372642763852192,0.838883464515327,-0.0332812457256011,1.5851709494626,0.773713412328342
"common",300,8,0,"Spline spell-age model",296,0.61937176043754,0.00811740600529878,0.213892249843601,0.00379312315691704,0.813465402332523,-0.00268409082080163,1.58580011347221,0.774028683716084
"common",300,8,0,"Stage-Spell SPAOM",300,0.618687080024844,0.00790036041612263,0.213634149299163,0.00372483060231263,0.835082465412303,-0.0285362573658752,1.58521140330792,0.773737105570752
"common",300,8,0.25,"Dual-clock model",300,0.633107586225822,0.00727851720651743,0.220583740858061,0.00344717733871284,0.217319291056438,0.691955181301453,1.57011199843353,0.766769662825185
"common",300,8,0.25,"Global alpha-beta model",300,0.636415514383269,0.00729386650282089,0.222078621192151,0.00347143002733229,0.708077254512453,0.00350642733329383,1.57341992659098,0.768678640113443
"common",300,8,0.25,"Origin-specific homogeneous",300,0.63605834963546,0.00728994198388622,0.221927566825902,0.00347661304896757,0.772156417557039,-0.0874637033516264,1.57306276184317,0.768486191253625
"common",300,8,0.25,"Spline spell-age model",300,0.633326135472088,0.00734642106462615,0.220678411688222,0.00346867559503091,0.245891998889335,0.652405444565814,1.5703305476798,0.766889099750007
"common",300,8,0.25,"Stage-Spell SPAOM",300,0.632807409031756,0.00727125564913728,0.220456166763835,0.00344698948397548,0.183168359174415,0.7398968848528,1.56981182123946,0.766604649797211
"common",300,8,0.52,"Dual-clock model",300,0.640860359502335,0.00731677748485691,0.224409042731923,0.00346454310500555,0.0239251351467407,0.941455711530181,1.53127526829751,0.747480207835652
"common",300,8,0.52,"Global alpha-beta model",300,0.656717686107915,0.0072505467067576,0.231943859302699,0.00347753484023639,0.349845811527597,0.37116668756415,1.54713259490309,0.757121280861595
"common",300,8,0.52,"Origin-specific homogeneous",300,0.657299526277818,0.00713679384685494,0.232218247021352,0.00344563849867901,0.605120143476381,-0.0737211988217328,1.54771443507299,0.757475171525665
"common",300,8,0.52,"Spline spell-age model",300,0.641066525875314,0.00739410511935594,0.22452361525552,0.00350673078431644,0.0308438405311507,0.928922819589741,1.53148143467049,0.747626072784498
"common",300,8,0.52,"Stage-Spell SPAOM",300,0.640579721538452,0.00724198838847576,0.224289271253847,0.00343522329252422,0.0165979488766929,0.954561532596433,1.53099463033362,0.747329421546884
"common",300,8,0.8,"Dual-clock model",300,0.633512821869089,0.0077627237101713,0.22092425153226,0.00363876141982105,0.00321040331847237,0.98152790930857,1.4643797892776,0.712265489159203
"common",300,8,0.8,"Global alpha-beta model",300,0.673776161691854,0.00609259241588596,0.240395574002757,0.00293224335216936,0.113813648471205,0.687791063120923,1.50464312910037,0.737144689444269
"common",300,8,0.8,"Origin-specific homogeneous",300,0.677722270452896,0.00599598737262797,0.242276150493155,0.0029178540033086,0.351517994460367,0.0784108176078551,1.50858923786141,0.739531818514177
"common",300,8,0.8,"Spline spell-age model",300,0.633833430336902,0.00778015227188513,0.221059982902816,0.00365025204651966,0.00604514340253587,0.974035994616652,1.46470039774541,0.712442347091602
"common",300,8,0.8,"Stage-Spell SPAOM",300,0.63332624850433,0.00774954132206918,0.220844744161971,0.00363555822508614,0.00161688391011097,0.985560854623545,1.46419321591284,0.712162522607198
"common",300,12,0,"Dual-clock model",300,0.618092758032337,0.00655310081021913,0.213359407756768,0.00307982756323317,0.796742769721343,0.019624599710328,1.58455637294165,0.77351920987176
"common",300,12,0,"Global alpha-beta model",300,0.61812661960803,0.00652785869541104,0.21337287353266,0.00306868077793055,0.80139441786808,0.0145539504751829,1.58459023451734,0.77353401200707
"common",300,12,0,"Origin-specific homogeneous",300,0.61782207380787,0.00647638415546247,0.213245863771377,0.00305176422905439,0.81167639511199,0.00227779831806296,1.58428568871718,0.773369924732196
"common",300,12,0,"Spline spell-age model",300,0.61833628404065,0.00656461335806367,0.213440683423673,0.00307666257421934,0.808924694303943,0.00434500499569129,1.58479989894996,0.773623872747148
"common",300,12,0,"Stage-Spell SPAOM",300,0.617856830965544,0.00649573849616249,0.213261066438418,0.00306014811435486,0.794471253507655,0.0233429627272355,1.58432044587485,0.773390567536655
"common",300,12,0.25,"Dual-clock model",300,0.633543828406357,0.00574896179067667,0.220839827647106,0.00273031386063494,0.117465819965912,0.8245252196599,1.56460616583515,0.764790791546998
"common",300,12,0.25,"Global alpha-beta model",300,0.637167941492831,0.00588898085411821,0.222483282098696,0.00281097182299631,0.628236030969101,0.0979069379396915,1.56823027892163,0.766884141035758
"common",300,12,0.25,"Origin-specific homogeneous",300,0.637014287925692,0.00589666374077226,0.222418080079645,0.0028180843644805,0.714088645597939,-0.022858699517604,1.56807662535449,0.766799943431058
"common",300,12,0.25,"Spline spell-age model",300,0.633754680756723,0.00580060764222399,0.220941284192462,0.00275280760732201,0.141270713368284,0.790791524046644,1.56481701818552,0.764917120710079
"common",300,12,0.25,"Stage-Spell SPAOM",300,0.633400099296296,0.00573393995947957,0.220777842962814,0.00272535628007957,0.0950256485742295,0.856966932491299,1.56446243672509,0.764710223246207
"common",300,12,0.52,"Dual-clock model",300,0.640382972364632,0.00594084329727018,0.224215807737007,0.0028198364121137,0.0172824708094775,0.97350556357922,1.52151750624843,0.743233377002332
"common",300,12,0.52,"Global alpha-beta model",300,0.658924612358485,0.00580736777629537,0.233061161671547,0.0028091461072334,0.324005359978296,0.401506927801771,1.54005914624228,0.754497755468685
"common",300,12,0.52,"Origin-specific homogeneous",300,0.659515421300845,0.00576010675290392,0.233333878005382,0.00279673929620014,0.538767954336265,-0.00100992995262215,1.54064995518464,0.754839252578777
"common",300,12,0.52,"Spline spell-age model",300,0.640540757671766,0.00597950051308893,0.224298630190298,0.00283994545815811,0.0204989948991971,0.967095733156433,1.52167529155556,0.743338599058992
"common",300,12,0.52,"Stage-Spell SPAOM",300,0.640253380895646,0.00593622095954772,0.224160334877991,0.00281947903976626,0.0141209839783727,0.979616233051757,1.52138791477944,0.743161440136815
"common",300,12,0.8,"Dual-clock model",300,0.629738532706748,0.00670254091449685,0.219223361477334,0.00313066242198443,-0.00321559816737185,0.995984810232322,1.43799203498745,0.698805897161639
"common",300,12,0.8,"Global alpha-beta model",300,0.678933912852885,0.00424935799932632,0.242955339792586,0.00206554580019274,0.0829502193807516,0.723666272283832,1.48718741513359,0.729091157084057
"common",300,12,0.8,"Origin-specific homogeneous",300,0.682551051661192,0.00423580632107366,0.244692299607254,0.00208326479524911,0.321761962155295,-0.0028710134133216,1.49080455394189,0.731306687146626
"common",300,12,0.8,"Spline spell-age model",300,0.629861242156116,0.00674263731259673,0.219272315031041,0.00315015138222362,-0.00245345163380805,0.993606669813991,1.43811474443682,0.698865939308717
"common",300,12,0.8,"Stage-Spell SPAOM",300,0.62958840956363,0.00672150962531934,0.219158036731587,0.00313960023440598,-0.00414167718459901,0.998562941287466,1.43784191184433,0.698722570000941
"common",300,20,0,"Dual-clock model",300,0.618032352113996,0.00477382658813196,0.213358333105391,0.00225655726419776,0.787248921976199,0.0289339540597723,1.5821164764226,0.772772918460207
"common",300,20,0,"Global alpha-beta model",300,0.618030229276298,0.0047594638315768,0.213357673181055,0.00225035716241964,0.785862757650085,0.030477407872984,1.5821143535849,0.772772232872332
"common",300,20,0,"Origin-specific homogeneous",300,0.61786388897175,0.00475291945232686,0.213287550370502,0.00224893657219579,0.78120035590031,0.0362180243486051,1.58194801328035,0.772681414793833
"common",300,20,0,"Spline spell-age model",300,0.618151705554488,0.00474404199847039,0.213400558586688,0.00224590638161133,0.786587947597885,0.0301428347769612,1.58223582986309,0.772827419357659
"common",300,20,0,"Stage-Spell SPAOM",300,0.617887646337238,0.00475970226910982,0.213297906442389,0.00225172650403015,0.785111614414454,0.0314558614084719,1.58197177064584,0.772695237792072
"common",300,20,0.25,"Dual-clock model",300,0.633496351546329,0.00458102061849371,0.220843463636995,0.00217636570368245,0.0602879217202325,0.907318095141157,1.56207345286851,0.763835539150791
"common",300,20,0.25,"Global alpha-beta model",300,0.637371098601537,0.00448404797883981,0.222603214485533,0.00214678824199647,0.595808160341768,0.140479067806871,1.56594819992372,0.766080487079066
"common",300,20,0.25,"Origin-specific homogeneous",300,0.637245041343086,0.00448954210978183,0.222548057155,0.00215177886542285,0.656621732758662,0.052265569770684,1.56582214266527,0.766009991688335
"common",300,20,0.25,"Spline spell-age model",300,0.633591899060458,0.00455133208989562,0.22089153939421,0.00216354166637261,0.0723227742656747,0.889473795155218,1.56216900038264,0.763896610360406
"common",300,20,0.25,"Stage-Spell SPAOM",300,0.633407905120881,0.00455450523557007,0.22080525555497,0.00216538172080695,0.0463471288480096,0.927392450294877,1.56198500644306,0.763786373138313
"common",300,20,0.52,"Dual-clock model",300,0.641278667989458,0.0042490467872359,0.224672292415923,0.00201986486424324,0.00835528721869167,0.980036843931537,1.51209737906657,0.738878509841053
"common",300,20,0.52,"Global alpha-beta model",300,0.661839983185424,0.0041926361517275,0.234500456819863,0.0020397823230598,0.292025276752366,0.429408816313068,1.53265869426254,0.75142695922252
"common",300,20,0.52,"Origin-specific homogeneous",300,0.662239118470128,0.00422373813755567,0.234685301079072,0.00205859266758213,0.531246996394912,-0.0367175234885831,1.53305782954724,0.751668189126717
"common",300,20,0.52,"Spline spell-age model",300,0.641369816252336,0.00425498187906629,0.224717404443408,0.00202391353899522,0.00925085747923318,0.977739240814682,1.51218852732945,0.738937207755619
"common",300,20,0.52,"Stage-Spell SPAOM",300,0.641203375028789,0.0042505717329099,0.22463980896762,0.00202118958631868,0.00662680363638346,0.983369772840176,1.5120220861059,0.738837365225998
"common",300,20,0.8,"Dual-clock model",300,0.625091448014236,0.00587105667628059,0.217193899576337,0.00268888322019876,0.00353163640984795,0.988408133743716,1.41035097796647,0.684674650373944
"common",300,20,0.8,"Global alpha-beta model",300,0.68353723588287,0.00313732717635502,0.245237786697,0.00153021483394799,0.071409900446453,0.720995267776158,1.4687967658351,0.720489135397204
"common",300,20,0.8,"Origin-specific homogeneous",300,0.686437165798289,0.0029110055018848,0.246639600920077,0.0014385465739428,0.256819804095464,-0.00420361372521957,1.47169669575052,0.722280621002986
"common",300,20,0.8,"Spline spell-age model",300,0.625180590185881,0.00582525258738467,0.217226854573385,0.0026737533505998,0.00366655461677554,0.987394375590038,1.41044012013811,0.684718964761856
"common",300,20,0.8,"Stage-Spell SPAOM",300,0.625000791315056,0.00584953292459346,0.217154595467172,0.00267957317442925,0.00316333981394798,0.989715511027209,1.41026032126729,0.684625129058979
"common",500,8,0,"Dual-clock model",300,0.617708559456443,0.00571616707861235,0.213183076758838,0.00270410754070942,0.82007453030605,-0.00610711452381326,1.58426592356504,0.77343980568904
"common",500,8,0,"Global alpha-beta model",300,0.617695262414814,0.00571036413976932,0.213177647805447,0.00270131760196836,0.804624909336574,0.0121188327521232,1.58425262652341,0.773432443728045
"common",500,8,0,"Origin-specific homogeneous",300,0.617408681954711,0.00570205046895849,0.213057198883503,0.00269990013756901,0.80566041024492,0.0100654387604855,1.5839660460633,0.773279902543375
"common",500,8,0,"Spline spell-age model",298,0.617914299219904,0.00577308010946888,0.213249794809684,0.00272360727363709,0.839317054763655,-0.0297339418483798,1.58446976883655,0.773529313950002
"common",500,8,0,"Stage-Spell SPAOM",300,0.617444124397281,0.00570997670423755,0.213072487558597,0.0027030640389325,0.814281183710112,-0.000109414983549774,1.58400148850587,0.773299086018035
"common",500,8,0.25,"Dual-clock model",300,0.63193884052693,0.00632446347923723,0.220072485796159,0.00299831621818826,0.111662587793986,0.838690402178184,1.56562368420721,0.765366817066873
"common",500,8,0.25,"Global alpha-beta model",300,0.635357690816919,0.00629604983769774,0.221618172424646,0.00299952162511583,0.615114027793359,0.133234654537227,1.5690425344972,0.767341083225666
"common",500,8,0.25,"Origin-specific homogeneous",300,0.635250273913622,0.00622781178207513,0.221573398271609,0.00297438461048502,0.723699068375627,-0.0188988543330968,1.5689351175939,0.767283538241589
"common",500,8,0.25,"Spline spell-age model",300,0.632053420907003,0.00633358587534301,0.220130303797284,0.00300386341814977,0.129646535183275,0.813204671152239,1.56573826458728,0.765440540275333
"common",500,8,0.25,"Stage-Spell SPAOM",300,0.631824188633081,0.00629393456433629,0.220023444095278,0.00298640820376939,0.0930411911074482,0.86492021491938,1.56550903231336,0.765303584927294
"common",500,8,0.52,"Dual-clock model",300,0.639655682105084,0.00521806216570759,0.223866639507259,0.00248067189000566,0.0273081364053146,0.956617120407094,1.52855944834743,0.74693177721376
"common",500,8,0.52,"Global alpha-beta model",300,0.655155305898071,0.00508804312298948,0.231236167285464,0.0024607446445836,0.276291886066649,0.514263188042345,1.54405907214042,0.756354716109668
"common",500,8,0.52,"Origin-specific homogeneous",300,0.656026603079294,0.00511123192710063,0.231634823633625,0.00248312558068276,0.584055647939776,-0.0299387180115961,1.54493036932164,0.756860204992857
"common",500,8,0.52,"Spline spell-age model",300,0.639815244178433,0.00524107464945263,0.223948065141419,0.00249162661625244,0.0319681645757518,0.948239921168831,1.52871901042078,0.747035570663665
"common",500,8,0.52,"Stage-Spell SPAOM",300,0.639526858160738,0.00523484143510754,0.22381039742977,0.0024899378405165,0.0236971004558124,0.963317182015215,1.52843062440309,0.746860466748358
"common",500,8,0.8,"Dual-clock model",300,0.632113056032743,0.00559444089251055,0.220286080844359,0.00263045815236016,0.000951112597538717,0.993755432299675,1.46192404484447,0.711374354021901
"common",500,8,0.8,"Global alpha-beta model",300,0.672410596652819,0.00443699491596457,0.239757669016344,0.00214607881326759,0.0793104200979483,0.777701119344781,1.50222158546455,0.736231600566197
"common",500,8,0.8,"Origin-specific homogeneous",300,0.676579144735677,0.00426516888157601,0.241736180150305,0.00209313110298848,0.372603597293366,0.0254279171735172,1.5063901335474,0.738763855381496
"common",500,8,0.8,"Spline spell-age model",300,0.632238592631126,0.00552213515727059,0.220338232993828,0.00260034191683673,0.00211056207965222,0.990550173842909,1.46204958144285,0.711444680823988
"common",500,8,0.8,"Stage-Spell SPAOM",300,0.631965828043155,0.00558216427957444,0.220222885882769,0.00262606763497851,-0.000240052965468435,0.996778720118422,1.46177681685488,0.711295678266659
"common",500,12,0,"Dual-clock model",300,0.617716003441076,0.00481425849607662,0.213209547538282,0.00227458271101431,0.791495242438726,0.0264867790448609,1.58211336915083,0.772773783290704
"common",500,12,0,"Global alpha-beta model",300,0.617740164103765,0.00481921037014634,0.213219803230228,0.00227645694552523,0.807994752009158,0.00652676638806004,1.58213752981352,0.77278487807938
"common",500,12,0,"Origin-specific homogeneous",300,0.617578217860515,0.00479304443692267,0.213151495182184,0.00226724303349235,0.78713763739811,0.0329668087141594,1.58197558357027,0.772698606904954
"common",500,12,0,"Spline spell-age model",300,0.617866464694303,0.00482646684900671,0.21326659153753,0.00227755528302226,0.807925768829426,0.00626347502224384,1.58226383040405,0.772847334391453
"common",500,12,0,"Stage-Spell SPAOM",300,0.617595614324971,0.00479264017523179,0.213159048912582,0.00226694133459665,0.78993629007648,0.0292039397408657,1.58199298003472,0.772708660517223
"common",500,12,0.25,"Dual-clock model",300,0.632606758656599,0.00460955196838358,0.220415440140726,0.00219774369826665,0.0713998877959092,0.895975557163001,1.56338178981682,0.764433968554163
"common",500,12,0.25,"Global alpha-beta model",300,0.63620613659807,0.00468603946884384,0.222047549412436,0.00224621486376011,0.577629522442588,0.172591391891286,1.56698116775829,0.766520360334428
"common",500,12,0.25,"Origin-specific homogeneous",300,0.636134197893663,0.00468150888483372,0.222016540972752,0.00224651026907587,0.680743154395483,0.0277765281699566,1.56690922905388,0.766479820179151
"common",500,12,0.25,"Spline spell-age model",300,0.632668781815599,0.00462244160057232,0.220448090028419,0.00220389265878216,0.0818325440363595,0.880988002830736,1.56344381297582,0.764475390462134
"common",500,12,0.25,"Stage-Spell SPAOM",300,0.632501155767706,0.00461672537096992,0.220369283916887,0.00220189361167909,0.0555449554793328,0.918807343758001,1.56327618692792,0.764374473597516
"common",500,12,0.52,"Dual-clock model",300,0.640478640691262,0.00436673949497428,0.224285611093512,0.00207328010702297,0.0131590882487074,0.972282703635795,1.51875826206009,0.742174588289182
"common",500,12,0.52,"Global alpha-beta model",300,0.658728654311502,0.00431731971639526,0.232991311225525,0.00209323175635754,0.233387329298339,0.559892276656499,1.53700827568033,0.753293756271784
"common",500,12,0.52,"Origin-specific homogeneous",300,0.659484200137205,0.00430250494942591,0.233338381677332,0.00209400734527055,0.544351570360446,-0.0188370921794791,1.53776382150603,0.7537386349145
"common",500,12,0.52,"Spline spell-age model",300,0.640555865151385,0.00439386037137621,0.224323625170738,0.00208502320424339,0.0144584111886508,0.969683594072042,1.51883548652021,0.742224099276466
"common",500,12,0.52,"Stage-Spell SPAOM",300,0.640394260406782,0.00437468782731918,0.224248535343602,0.00207732603953426,0.0111524023091784,0.976174837569416,1.51867388177561,0.742128275876787
"common",500,12,0.8,"Dual-clock model",300,0.629825831352172,0.00533191145460535,0.219288737416899,0.00248626105529752,0.00224920755888938,0.989707229965472,1.43683665136762,0.698768846295384
"common",500,12,0.8,"Global alpha-beta model",300,0.677933493035051,0.00339190014071283,0.242479467152749,0.0016548135040012,0.0567241891638478,0.814723173815979,1.4849443130505,0.728364771655848
"common",500,12,0.8,"Origin-specific homogeneous",300,0.681648509105336,0.00335202809347524,0.244258112824779,0.00165318793345502,0.311264154199092,0.0275196087897859,1.48865932912078,0.730634240114206
"common",500,12,0.8,"Spline spell-age model",300,0.629935929464338,0.00533846636986055,0.219333350318655,0.00248817120082346,0.00287033360838297,0.987798349312606,1.43694674947978,0.698825268058742
"common",500,12,0.8,"Stage-Spell SPAOM",300,0.629750390764079,0.00531832350738419,0.21925572086711,0.00248055375958761,0.00181343999023054,0.991076339124041,1.43676121077953,0.698727925315326
"common",500,20,0,"Dual-clock model",300,0.617317008310921,0.00408926951505978,0.213034751424629,0.00193702472580555,0.799923062115438,0.0161246796323302,1.58158097856031,0.772580656342768
"common",500,20,0,"Global alpha-beta model",300,0.617321300391508,0.00410399961476283,0.213036426780527,0.0019432702280942,0.794153543585368,0.023426783470708,1.58158527064089,0.772584133013016
"common",500,20,0,"Origin-specific homogeneous",300,0.617220210083848,0.00410306121791049,0.212993681777404,0.00194318307133939,0.808636778553073,0.00542809911593254,1.58148418033323,0.772528437792435
"common",500,20,0,"Spline spell-age model",300,0.617364314848702,0.00410797638421855,0.213053684809737,0.00194455319229162,0.784835308295182,0.0344005594997288,1.58162828509809,0.772605069041594
"common",500,20,0,"Stage-Spell SPAOM",300,0.617246784370498,0.00409940234286728,0.213005031330831,0.00194160865668969,0.819780661285145,-0.00858678111833424,1.58151075461988,0.772542675553022
"common",500,20,0.25,"Dual-clock model",300,0.633310635693028,0.00394027815747475,0.220767639418885,0.0018783308841444,0.0401650370802856,0.938306907879529,1.56040938275813,0.763372192301458
"common",500,20,0.25,"Global alpha-beta model",300,0.637071071668259,0.00393779161818649,0.222475189424053,0.00188974033068998,0.559298719214271,0.191814015558859,1.56416981873336,0.76555103557699
"common",500,20,0.25,"Origin-specific homogeneous",300,0.63704274085207,0.00394470770676233,0.222463003507066,0.001893905485659,0.686216234042142,0.00949501240556446,1.56414148791717,0.765534950327512
"common",500,20,0.25,"Spline spell-age model",300,0.633371335608899,0.00395469142868989,0.220798689733224,0.00188512116562585,0.0475729330720329,0.927294209443645,1.560470082674,0.7634117283196
"common",500,20,0.25,"Stage-Spell SPAOM",300,0.6332652481112,0.00395386933854133,0.220748099847254,0.00188431429062646,0.0318910226727381,0.950265420757174,1.5603639951763,0.763347248183787
"common",500,20,0.52,"Dual-clock model",300,0.640349453461923,0.0034744346351912,0.224237876473215,0.00165302372739126,0.00434762677125038,0.989771219042014,1.51143118756706,0.73865940347519
"common",500,20,0.52,"Global alpha-beta model",300,0.661048520154061,0.00325382999701756,0.234126867960124,0.0015853099223218,0.21972278119284,0.571832970674904,1.5321302542592,0.751307804288995
"common",500,20,0.52,"Origin-specific homogeneous",300,0.661559575187778,0.00324336268458076,0.23436142751053,0.0015840014265463,0.505245378339867,0.0207106897208542,1.53264130929292,0.75160803801285
"common",500,20,0.52,"Spline spell-age model",300,0.640423342219237,0.00345975677075351,0.224274017009958,0.00164676111040217,0.00497986336492322,0.988106537573001,1.51150507632438,0.73870551979475
"common",500,20,0.52,"Stage-Spell SPAOM",300,0.640291497047531,0.00346800022741859,0.224212628202823,0.00165048488174687,0.00318869462345792,0.992017839809449,1.51137323115267,0.738626947235038
"common",500,20,0.8,"Dual-clock model",300,0.624610789062145,0.00440680137415017,0.216981434731063,0.00202647545872526,-0.000508329348770022,0.994371328646398,1.40613174611704,0.682875697142486
"common",500,20,0.8,"Global alpha-beta model",300,0.6832293817814,0.0021967281409805,0.245095312080723,0.00107530285218941,0.0390916395683677,0.829084109491485,1.4647503388363,0.718796360352226
"common",500,20,0.8,"Origin-specific homogeneous",300,0.68632576747223,0.00209651039843819,0.246591000448357,0.0010389901320765,0.245509609636184,0.00732260365876539,1.46784672452713,0.720704353668033
"common",500,20,0.8,"Spline spell-age model",300,0.624672607235097,0.00442058399066509,0.217004895003964,0.00203280596260334,-0.000302017626022653,0.993496950238867,1.40619356428999,0.682905951531653
"common",500,20,0.8,"Stage-Spell SPAOM",300,0.624567360399127,0.00441358885601551,0.216962466082298,0.00202966946148802,-0.000672172469568971,0.995004357970765,1.40608831745402,0.682851798433439
"unequal",100,8,0,"Dual-clock model",300,0.657404165717871,0.0231225250006469,0.230528316178342,0.00505267809713585,0.136434606280406,0.7278665681771,1.54440329431443,0.751780725878014
"unequal",100,8,0,"Global alpha-beta model",300,0.65705543446627,0.0226294548112317,0.230396046297333,0.00508443435635456,0.132364104728387,0.737375005038595,1.54405456306283,0.751603356784575
"unequal",100,8,0,"Origin-specific homogeneous",300,0.655864879354106,0.0222697604374694,0.229911521647764,0.00494740666856594,0.0963587038608161,0.808580074734658,1.54286400795067,0.750987616943958
"unequal",100,8,0,"Spline spell-age model",300,0.65941674381452,0.0242548783470415,0.231093453413097,0.00524584309732269,0.170470118018345,0.663347081854044,1.54641587222604,0.75249692933869
"unequal",100,8,0,"Stage-Spell SPAOM",300,0.655963774232271,0.0222376761857088,0.229960682085715,0.00497558066565919,0.102751993797931,0.795483437660925,1.54296290282883,0.751051780159242
"unequal",100,8,0.25,"Dual-clock model",300,0.66399354579134,0.0170205866988147,0.234697386720686,0.00483569125158207,0.0721534119170453,0.806767191561181,1.51061119172167,0.735718214233725
"unequal",100,8,0.25,"Global alpha-beta model",300,0.668163809312772,0.0175687770876043,0.236612460085807,0.0049493063079846,0.0998242250419702,0.737616986796768,1.5147814552431,0.738166542507271
"unequal",100,8,0.25,"Origin-specific homogeneous",300,0.666980900969043,0.0171819987217917,0.236138907073491,0.00469910697265364,0.0696537743508154,0.818095590265609,1.51359854689938,0.737548478654189
"unequal",100,8,0.25,"Spline spell-age model",300,0.6652199310799,0.0175939150036035,0.235233089775823,0.00501332885809483,0.0879541193159979,0.765089339652541,1.51183757701023,0.736397123522416
"unequal",100,8,0.25,"Stage-Spell SPAOM",300,0.663094057556434,0.0165611213002107,0.234329365628889,0.00469992263508543,0.0565585415597756,0.84794647449374,1.50971170348677,0.735245388460374
"unequal",100,8,0.52,"Dual-clock model",300,0.662706733120987,0.020066841500533,0.233403473023701,0.00488549139034385,0.0170856507721764,0.85948802087539,1.4532812601756,0.704231905042073
"unequal",100,8,0.52,"Global alpha-beta model",300,0.681548522151342,0.0219672474019634,0.242188937127388,0.00457657113157299,0.0501415263741987,0.706753547442331,1.47212304920595,0.715388547689493
"unequal",100,8,0.52,"Origin-specific homogeneous",300,0.681622882598146,0.0210669819789743,0.242433133042788,0.00434352940648265,0.0399147848933931,0.750726850763727,1.47219740965276,0.715687678102284
"unequal",100,8,0.52,"Spline spell-age model",300,0.663693819975067,0.0195538202655004,0.233908501249695,0.00505394821654132,0.0227166486813149,0.834727556630612,1.45426834702968,0.704882251820871
"unequal",100,8,0.52,"Stage-Spell SPAOM",300,0.661810798160895,0.0194911072990609,0.233051460800162,0.0048099520394883,0.0125719439469877,0.878682605935164,1.45238532521551,0.703783708843095
"unequal",100,8,0.8,"Dual-clock model",300,0.643584403786204,0.0274432943222039,0.223396102883044,0.00578129971349995,-0.0178752527362282,0.905559217409077,1.36440636113907,0.655615415065892
"unequal",100,8,0.8,"Global alpha-beta model",300,0.688342085792706,0.0361637442789711,0.243402953442917,0.00516695173024895,-0.0135669492677822,0.708375298378069,1.40916404305597,0.681075598642083
"unequal",100,8,0.8,"Origin-specific homogeneous",300,0.692005680581433,0.0343809508973717,0.245687184611413,0.00489123167776901,-0.0131044340172282,0.717764719358384,1.4128276379343,0.683997483096351
"unequal",100,8,0.8,"Spline spell-age model",300,0.644230791914836,0.0279925383000703,0.223643277255186,0.00590569809862359,-0.0172134277819342,0.894315114877263,1.3650527492677,0.655951882884086
"unequal",100,8,0.8,"Stage-Spell SPAOM",300,0.642658791113347,0.0274898164824092,0.223023256766753,0.00571708765070495,-0.0187995911457085,0.918790991996022,1.36348074846621,0.655152158259923
"unequal",100,12,0,"Dual-clock model",300,0.651935475743867,0.0112988772532784,0.22985454067649,0.00422348590594869,0.0786070202944932,0.820639021870057,1.53638206933065,0.750381088228832
"unequal",100,12,0,"Global alpha-beta model",300,0.652009731185136,0.0111137186497331,0.229894097803721,0.00419107605292411,0.0815484691311279,0.81612201821634,1.53645632477192,0.750442548414177
"unequal",100,12,0,"Origin-specific homogeneous",300,0.650977525108053,0.0109986315257039,0.229440114567692,0.00415274630104424,0.0438685587293001,0.887478599119872,1.53542411869484,0.749858502913729
"unequal",100,12,0,"Spline spell-age model",300,0.652713644629182,0.01175737680033,0.230099713918542,0.00441639216690742,0.102617937054336,0.774752009154646,1.53716023821597,0.750695839536866
"unequal",100,12,0,"Stage-Spell SPAOM",300,0.651079424254019,0.0109986893509313,0.229489170633179,0.00415532369776486,0.0493237838650973,0.876849138589319,1.5355260178408,0.749919665856609
"unequal",100,12,0.25,"Dual-clock model",300,0.661263237139702,0.0121162752387927,0.23403342182088,0.00348430801461523,0.0463558960884668,0.865525156383444,1.50262222397245,0.733690711082168
"unequal",100,12,0.25,"Global alpha-beta model",300,0.66570282492556,0.012598288007368,0.236113611032234,0.00372342477821455,0.0659788637394142,0.814776115649322,1.50706181175831,0.736356606797754
"unequal",100,12,0.25,"Origin-specific homogeneous",300,0.665083991632038,0.0123837398810588,0.235859726451426,0.00358739360038967,0.0451075953019998,0.86819495278854,1.50644297846479,0.736019478460724
"unequal",100,12,0.25,"Spline spell-age model",300,0.662295819492803,0.0126933167977755,0.234472997772317,0.00372297952950148,0.061089736487193,0.826780467028477,1.50365480632555,0.734256017862558
"unequal",100,12,0.25,"Stage-Spell SPAOM",300,0.660929229688381,0.0120353267664613,0.233884745379505,0.00345678869330799,0.0392595258845258,0.883646354075189,1.50228821652113,0.733497195178985
"unequal",100,12,0.52,"Dual-clock model",300,0.656291921036083,0.0102933122901485,0.23197426116413,0.00451589815975928,0.0029846701143615,0.93880574282501,1.43050071995876,0.695763607179541
"unequal",100,12,0.52,"Global alpha-beta model",300,0.677260139671404,0.00921900009295728,0.242002285472456,0.00386506156962324,0.0261449360780162,0.810063238675299,1.45146893859408,0.70851638438684
"unequal",100,12,0.52,"Origin-specific homogeneous",300,0.677262840088664,0.00886566279121296,0.242084029470382,0.00364682674726659,0.0152286489067668,0.866145604590374,1.45147163901134,0.708624768481058
"unequal",100,12,0.52,"Spline spell-age model",300,0.656663542840199,0.0103450164065773,0.232149366183395,0.0045315071728063,0.00425458117100436,0.928718856745548,1.43087234176287,0.695996913520557
"unequal",100,12,0.52,"Stage-Spell SPAOM",300,0.655719725556216,0.0102255897290697,0.231720493613935,0.00448969944766032,0.00083631157750664,0.952038583458805,1.42992852447889,0.69544126346725
"unequal",100,12,0.8,"Dual-clock model",300,0.62530890193254,0.0154006150743771,0.217336381082484,0.00584857061097312,-0.00789793303149916,0.975186818694188,1.31376895792533,0.632654843346156
"unequal",100,12,0.8,"Global alpha-beta model",300,0.677532843430352,0.0155937558619542,0.241411309016646,0.00443131547006101,-0.0193876052018198,0.829734244839653,1.36599289936462,0.66332079115393
"unequal",100,12,0.8,"Origin-specific homogeneous",300,0.681730363647084,0.0148232918380861,0.243616938185536,0.00381973695817386,-0.0191556891196268,0.845339717999235,1.37019041963987,0.666126581205408
"unequal",100,12,0.8,"Spline spell-age model",300,0.626261989016859,0.0153843210455415,0.217675706237602,0.00579794229605765,-0.00801010392270599,0.959753323789867,1.31472204500965,0.633094321392466
"unequal",100,12,0.8,"Stage-Spell SPAOM",300,0.624872298311658,0.0152663120735837,0.217140520110236,0.00579117323942253,-0.00793242282827447,0.981114026708082,1.31333235430445,0.632406143528706
"unequal",100,20,0,"Dual-clock model",300,0.649062603456047,0.00669037163777302,0.228836413343964,0.00303639714230747,0.0580237251254152,0.87790840703811,1.5326408910063,0.749564412774551
"unequal",100,20,0,"Global alpha-beta model",300,0.649030300125412,0.00670365571030899,0.228826370522062,0.00305308135900501,0.0584916697310357,0.878192540877359,1.53260858767566,0.74955478343613
"unequal",100,20,0,"Origin-specific homogeneous",300,0.648465726798672,0.00667252906332839,0.228567089071806,0.00303562181649439,0.0343278970838148,0.92473697750952,1.53204401434892,0.74922099518274
"unequal",100,20,0,"Spline spell-age model",300,0.649387959757826,0.00673322450913817,0.228959749164983,0.00304109847366019,0.0694509072137215,0.855995630428762,1.53296624730807,0.749721780444689
"unequal",100,20,0,"Stage-Spell SPAOM",300,0.648578118226162,0.0066086795664111,0.228621909223192,0.003006097998676,0.0400793946627677,0.913169646386719,1.53215640577641,0.749289382684968
"unequal",100,20,0.25,"Dual-clock model",300,0.659077033568473,0.00581341275050803,0.233677528913101,0.00262404909295923,0.0210368836397533,0.932681247055806,1.49259715804774,0.729837486066783
"unequal",100,20,0.25,"Global alpha-beta model",300,0.663833823287712,0.00582122743492635,0.235948758760003,0.0026255733858049,0.0391508706319557,0.88234416221848,1.49735394776698,0.732749785806108
"unequal",100,20,0.25,"Origin-specific homogeneous",300,0.663298677873105,0.00569728997763941,0.235709121325468,0.00257657214831008,0.0224558279618303,0.928223282345711,1.49681880235237,0.732440838842665
"unequal",100,20,0.25,"Spline spell-age model",300,0.659680139172653,0.00617112973646483,0.233958843395137,0.00279271415861615,0.0301877622861277,0.906452722664894,1.49320026365192,0.73018983894127
"unequal",100,20,0.25,"Stage-Spell SPAOM",300,0.658818248434261,0.0057935229495895,0.233555964978358,0.00261962414615909,0.0161931382551719,0.946247254526794,1.49233837291353,0.729676723722577
"unequal",100,20,0.52,"Dual-clock model",300,0.653132250594281,0.00736470196005061,0.23072657683354,0.00335438007522925,0.00303928162256158,0.954825870813902,1.414119903928,0.688646664909581
"unequal",100,20,0.52,"Global alpha-beta model",300,0.676002817418717,0.00578175969868531,0.241744094894484,0.00253945307907737,0.0148079264721553,0.871023064133829,1.43699047075243,0.702719272722204
"unequal",100,20,0.52,"Origin-specific homogeneous",300,0.676424536993203,0.00561888655364461,0.241980142714875,0.0024614791961949,0.00966074800778751,0.902097396800657,1.43741219032692,0.703025863509738
"unequal",100,20,0.52,"Spline spell-age model",300,0.6536715119112,0.00733463541315713,0.230971372074811,0.00333446491993553,0.00341274298889145,0.946302507958102,1.41465916524492,0.688958183260639
"unequal",100,20,0.52,"Stage-Spell SPAOM",300,0.652921718476691,0.00728586794970575,0.230631071172132,0.00331974653669864,0.00203175708394834,0.960324182033434,1.41390937181041,0.688525564038547
"unequal",100,20,0.8,"Dual-clock model",300,0.611887370539091,0.0129374457475123,0.211962293901782,0.00562737207319107,-0.00555032846916674,0.983614286048297,1.27173553610721,0.611661635696359
"unequal",100,20,0.8,"Global alpha-beta model",300,0.672707259756388,0.00852600696442756,0.239799635160036,0.00388309958104524,-0.0264796930343028,0.875565825887536,1.33255542532451,0.647134729063428
"unequal",100,20,0.8,"Origin-specific homogeneous",300,0.67654111752769,0.00751951853258556,0.241761831871165,0.00341683114960734,-0.0258730124423936,0.883152488838122,1.33638928309581,0.649652691336873
"unequal",100,20,0.8,"Spline spell-age model",300,0.612363183545019,0.0129895027399108,0.212114170224469,0.00564423324503441,-0.00602756445074586,0.976371367647941,1.27221134911314,0.611856828586741
"unequal",100,20,0.8,"Stage-Spell SPAOM",300,0.61162419933325,0.0129238110633218,0.211845140307811,0.00562119039077838,-0.00525962404109842,0.986139711498169,1.27147236490137,0.611514875484481
"unequal",184,8,0,"Dual-clock model",300,0.650804788176141,0.0103871921652393,0.229339030592972,0.00382514604292984,0.0797043661251671,0.843805482418991,1.5353248006123,0.750035855933761
"unequal",184,8,0,"Global alpha-beta model",300,0.650793796964284,0.0104985073173823,0.229327451871919,0.00385100975885709,0.0807622961611586,0.841954096555311,1.53531380940045,0.750027935444319
"unequal",184,8,0,"Origin-specific homogeneous",300,0.650109335911875,0.010202339904468,0.229029908455869,0.00377247251997473,0.0537139889797592,0.895094338287939,1.53462934834804,0.749643978636953
"unequal",184,8,0,"Spline spell-age model",300,0.651162161050805,0.0105190941199423,0.229460948781442,0.00385257610341105,0.0917351643419986,0.821371236474928,1.53568217348697,0.750199918955676
"unequal",184,8,0,"Stage-Spell SPAOM",300,0.650146905957055,0.0102277561473293,0.229048687371101,0.0037716327416714,0.0572905074205053,0.887720915232879,1.53466691839322,0.749667708974604
"unequal",184,8,0.25,"Dual-clock model",300,0.65917350491229,0.00767650130829592,0.23358996553732,0.00328443970492626,0.0445685311345723,0.889166863024797,1.50210654434681,0.73395002879179
"unequal",184,8,0.25,"Global alpha-beta model",300,0.662983324541415,0.00744755101491931,0.235393101963433,0.00319748299759501,0.0664493091482894,0.837099247172172,1.50591636397593,0.736264560856135
"unequal",184,8,0.25,"Origin-specific homogeneous",300,0.662531689586524,0.00741611095533804,0.235203713472009,0.00317869821415537,0.0483919529653646,0.883589086493997,1.50546472902104,0.736010707498477
"unequal",184,8,0.25,"Spline spell-age model",300,0.659717622437168,0.00776772288586147,0.233851668332857,0.00332221273918563,0.0535963379583728,0.86630543757809,1.50265066187169,0.734282164001945
"unequal",184,8,0.25,"Stage-Spell SPAOM",300,0.65886813853509,0.00763606425285093,0.233455134739086,0.00327477928805944,0.037524751220769,0.907483130922159,1.50180117796961,0.733774779746042
"unequal",184,8,0.52,"Dual-clock model",300,0.656261247491849,0.00843368203013324,0.232097325526541,0.00341161978338488,0.00960273102292613,0.953563552496725,1.441487405836,0.702458440692512
"unequal",184,8,0.52,"Global alpha-beta model",300,0.673974134506722,0.00860255172526989,0.240596786529728,0.00305834096973205,0.0339412867128911,0.840830538341705,1.45920029285087,0.713343170222725
"unequal",184,8,0.52,"Origin-specific homogeneous",300,0.674802259964279,0.00874465554893974,0.241062973578044,0.00303267478765211,0.0240958662690494,0.88737313679452,1.46002841830843,0.713929683939637
"unequal",184,8,0.52,"Spline spell-age model",300,0.656653544008594,0.00858991320020112,0.232278311162938,0.00350527857236996,0.0114024716453247,0.943308953224526,1.44187970235274,0.702688421680058
"unequal",184,8,0.52,"Stage-Spell SPAOM",300,0.655859272717979,0.00843671852611081,0.231913627451684,0.00339293406848044,0.0074066209580716,0.96463136740052,1.44108543106212,0.702218229710684
"unequal",184,8,0.8,"Dual-clock model",300,0.63510593319879,0.0126579181592887,0.221887409654846,0.00452089009386016,-0.00239782512176715,0.961467365847919,1.34996386631742,0.652796522325319
"unequal",184,8,0.8,"Global alpha-beta model",300,0.675662338513098,0.0130761260997937,0.240787672659177,0.00339372606274926,-0.00251177475073682,0.858851100704091,1.39052027163173,0.676887396403818
"unequal",184,8,0.8,"Origin-specific homogeneous",300,0.680780397544066,0.0119240646193578,0.243519486475665,0.00312389938427169,-0.0014587842226219,0.847688019367268,1.39563833066269,0.680398417103492
"unequal",184,8,0.8,"Spline spell-age model",300,0.635637549770081,0.0129889202550889,0.222075947620286,0.00457631654021819,-0.00176912806030254,0.952944174165803,1.35049548288871,0.653040510738472
"unequal",184,8,0.8,"Stage-Spell SPAOM",300,0.634754095086204,0.0126086354892284,0.221741831555766,0.00452779581225931,-0.0024838767918193,0.966577185076511,1.34961202820483,0.652616385666076
"unequal",184,12,0,"Dual-clock model",300,0.649344656130059,0.00622735930775614,0.228995428573364,0.00280840652435661,0.0528079767202266,0.894482981548788,1.53036947278737,0.748836428153916
"unequal",184,12,0,"Global alpha-beta model",300,0.649324416513334,0.00622205395166756,0.228985628318224,0.00280213608935049,0.0528682321483084,0.895185316241063,1.53034923317065,0.748826929923133
"unequal",184,12,0,"Origin-specific homogeneous",300,0.648845897915428,0.00620692571207616,0.228772219241842,0.00280067863793312,0.0309694569803685,0.938579892055773,1.52987071457274,0.748555244391696
"unequal",184,12,0,"Spline spell-age model",300,0.649724065754614,0.00640389496348351,0.229146794979627,0.00287321944939491,0.0657884276921046,0.869989650318873,1.53074888241193,0.749030371100171
"unequal",184,12,0,"Stage-Spell SPAOM",300,0.648961041185545,0.0062249311511562,0.228826251971971,0.00280956179372222,0.0364540194603619,0.927447888281854,1.52998585784286,0.748623379498868
"unequal",184,12,0.25,"Dual-clock model",300,0.658159208281074,0.00584880712337942,0.233269816191454,0.00265248727300251,0.0196655462746968,0.936615188716878,1.49544788716068,0.731180008799548
"unequal",184,12,0.25,"Global alpha-beta model",300,0.662448043934238,0.00573641100863955,0.23532050795679,0.00259737663488137,0.0373737849886569,0.890818407304687,1.49973672281384,0.733784370521723
"unequal",184,12,0.25,"Origin-specific homogeneous",300,0.662164896341856,0.00568489649423091,0.23519700574012,0.00257039941149971,0.0241082088841766,0.925627474195562,1.49945357522146,0.733628249804369
"unequal",184,12,0.25,"Spline spell-age model",300,0.658585866329411,0.005953752782125,0.233475536682737,0.00270243226389694,0.0265702300730846,0.916616061580255,1.49587454520901,0.731445847017989
"unequal",184,12,0.25,"Stage-Spell SPAOM",300,0.657916765003526,0.00586349002921963,0.233160102061177,0.00265914721499347,0.0145855292195155,0.949911176093795,1.49520544388313,0.731041476917454
"unequal",184,12,0.52,"Dual-clock model",300,0.654004298655903,0.0065992301429869,0.231135062558736,0.00302123377876568,0.00351620422803267,0.967098294632167,1.42686981550624,0.695052747063127
"unequal",184,12,0.52,"Global alpha-beta model",300,0.674021556299547,0.0053341593023155,0.240796542506236,0.00234473726928548,0.0200615997220685,0.8713758616002,1.44688707314988,0.707394154132492
"unequal",184,12,0.52,"Origin-specific homogeneous",300,0.674967825458974,0.00514987265271244,0.241289411605096,0.00225141562917573,0.01669521401856,0.889413572337145,1.44783334230931,0.70802608236225
"unequal",184,12,0.52,"Spline spell-age model",300,0.65423861398843,0.00654165282566694,0.231237126891631,0.00299800045288053,0.00447798203115177,0.960817337041849,1.42710413083877,0.695182505766325
"unequal",184,12,0.52,"Stage-Spell SPAOM",300,0.653790143103886,0.00656467021092339,0.231037684656116,0.00300754370667823,0.00254110951898479,0.972876758772817,1.42665565995422,0.694929372997965
"unequal",184,12,0.8,"Dual-clock model",300,0.623614624894704,0.0097065807263106,0.217123025982368,0.00431182585981195,-0.00693827341256751,0.98255040495837,1.30842792194019,0.631792974824014
"unequal",184,12,0.8,"Global alpha-beta model",300,0.673523779542432,0.00652524239507499,0.240321039526687,0.00299909236518102,-0.0175962999963235,0.89656420441251,1.35833707658792,0.661395702887257
"unequal",184,12,0.8,"Origin-specific homogeneous",300,0.678525297585306,0.0056557576934052,0.242856995189325,0.00257699961575891,-0.0156603259747025,0.906198779478877,1.36333859463079,0.66464009052294
"unequal",184,12,0.8,"Spline spell-age model",300,0.624091162889256,0.00967992555451109,0.217268028471865,0.0043063972706395,-0.00702511083101895,0.975234190879262,1.30890445993474,0.631985142069889
"unequal",184,12,0.8,"Stage-Spell SPAOM",300,0.623370516411861,0.00970825724686902,0.217012973309102,0.00431385218800244,-0.00693303020295561,0.985740285429553,1.30818381345735,0.631654679746532
"unequal",184,20,0,"Dual-clock model",300,0.648267849854977,0.0047073963598224,0.228518144097367,0.00213797363415924,0.0285091264185264,0.937989750025907,1.52768131010909,0.748000609902101
"unequal",184,20,0,"Global alpha-beta model",300,0.6482496140776,0.00468326325123474,0.228510048747322,0.00212653910599382,0.0279535976403162,0.939257146119711,1.52766307433171,0.747992876126698
"unequal",184,20,0,"Origin-specific homogeneous",300,0.64796597585217,0.00469234468084094,0.22838200486182,0.00213495516143683,0.0148711309795854,0.964822441620554,1.52737943610628,0.747827569390185
"unequal",184,20,0,"Spline spell-age model",300,0.648446322140995,0.00471929013149366,0.228593395889326,0.00213848853178294,0.0358327206578998,0.923427848773298,1.52785978239511,0.748093587496064
"unequal",184,20,0,"Stage-Spell SPAOM",300,0.647992150581384,0.00467553925080938,0.228394511381976,0.00212721301650437,0.0169118721054936,0.960753538036952,1.5274056108355,0.747843677645508
"unequal",184,20,0.25,"Dual-clock model",300,0.657764904157946,0.00478636639765591,0.23313255468502,0.00218742435684163,0.00688499377380756,0.970968234700809,1.48989072225262,0.729156279935645
"unequal",184,20,0.25,"Global alpha-beta model",300,0.662324738291598,0.0046835330546061,0.235324200102012,0.0021254035000056,0.0183849739495835,0.939029458256504,1.49445055638628,0.731967108888214
"unequal",184,20,0.25,"Origin-specific homogeneous",300,0.662115400602256,0.00458164402828801,0.235230646017003,0.00208224737396668,0.00894911873152052,0.964413648873907,1.49424121869694,0.731846400523776
"unequal",184,20,0.25,"Spline spell-age model",300,0.657883341780967,0.00476175617695143,0.233191692769234,0.00217522111042488,0.00878160859984494,0.964885185053657,1.49000915987565,0.729232176543275
"unequal",184,20,0.25,"Stage-Spell SPAOM",300,0.657596474340221,0.00473470132877893,0.233055617272698,0.00216552948532696,0.00363396416641693,0.979881658862247,1.4897222924349,0.729058938591338
"unequal",184,20,0.52,"Dual-clock model",300,0.651159786625359,0.00523149789318972,0.229859527555872,0.00241524009653357,0.00659785217648424,0.984454264116851,1.410256584706,0.687270043051073
"unequal",184,20,0.52,"Global alpha-beta model",300,0.67418101150112,0.00366631876472306,0.240960602383534,0.00163422803896367,0.0161557788048168,0.926613469966625,1.43327780958176,0.701438165304979
"unequal",184,20,0.52,"Origin-specific homogeneous",300,0.674784097795809,0.00352817259360106,0.241278855476938,0.00157110225633608,0.0130454620704715,0.947788607919685,1.43388089587645,0.701850381059503
"unequal",184,20,0.52,"Spline spell-age model",300,0.651308850096809,0.00532493199993129,0.229920516400787,0.00245848224174349,0.00678552867288346,0.981429426511188,1.41040564817745,0.687350019503336
"unequal",184,20,0.52,"Stage-Spell SPAOM",300,0.650990701400946,0.00522570382579142,0.229781271056643,0.00241560680272802,0.00596126910698819,0.988440515461594,1.41008749948159,0.687170318285711
"unequal",184,20,0.8,"Dual-clock model",300,0.610266344007334,0.00895073827479584,0.211310420815168,0.00391880044370469,-0.00898752336384941,0.988005002255602,1.26334552823067,0.608506915837268
"unequal",184,20,0.8,"Global alpha-beta model",300,0.669772948905638,0.00549074973652244,0.238495164155752,0.00256487633247263,-0.020079791983158,0.932147461937904,1.32285213312897,0.643223245550063
"unequal",184,20,0.8,"Origin-specific homogeneous",300,0.674219677901509,0.00479612042118021,0.240735001849242,0.00224663108392283,-0.0199682310480196,0.928519734456979,1.32729886212484,0.646087690249889
"unequal",184,20,0.8,"Spline spell-age model",300,0.610504232005629,0.00896031067329057,0.211388530344789,0.00391393477048455,-0.0092234255451998,0.984197029643939,1.26358341622896,0.608606556916043
"unequal",184,20,0.8,"Stage-Spell SPAOM",300,0.610100047938971,0.0089521786294908,0.211235503442346,0.00391792605984689,-0.00890076430705294,0.98962701188616,1.2631792321623,0.608408978628371
"unequal",300,8,0,"Dual-clock model",300,0.649570692917875,0.00642616530485506,0.229071110176766,0.00288697396512427,0.0559374543608094,0.881607450116283,1.52956156785818,0.748376897853009
"unequal",300,8,0,"Global alpha-beta model",300,0.649511313595281,0.00646282972848729,0.229040472086269,0.00289818553140991,0.0554878655475603,0.882563892955369,1.52950218853559,0.748338139306497
"unequal",300,8,0,"Origin-specific homogeneous",300,0.64912297342585,0.00636604940684971,0.228867544311004,0.00286080093945628,0.0389367657912624,0.914758704196921,1.52911384836616,0.748115795687783
"unequal",300,8,0,"Spline spell-age model",300,0.649924172971506,0.00655202082990234,0.22921193199593,0.00293142741211618,0.0677654982146541,0.858972205495807,1.52991504791181,0.748554107328602
"unequal",300,8,0,"Stage-Spell SPAOM",300,0.649217950631487,0.00640647570483263,0.228913247320296,0.00288278041286978,0.0428432303769198,0.90723410530872,1.52920882557179,0.748173036979045
"unequal",300,8,0.25,"Dual-clock model",300,0.658460886385316,0.00547300785968876,0.233408617636834,0.00249463488741072,0.0221219368216747,0.939248672284204,1.49505765398998,0.731918553312287
"unequal",300,8,0.25,"Global alpha-beta model",300,0.662250029159436,0.00540869161789497,0.235214776747112,0.00244742324492692,0.035225189368029,0.906248108034572,1.4988467967641,0.734234465784431
"unequal",300,8,0.25,"Origin-specific homogeneous",300,0.662035946679364,0.00541954818786804,0.235126831894456,0.00246399196193828,0.0213300903728209,0.942670568770049,1.49863271428403,0.734129093667076
"unequal",300,8,0.25,"Spline spell-age model",300,0.658633957642085,0.00555580523256515,0.233498163647329,0.00253971948805437,0.0264675946053479,0.927652421781013,1.49523072524675,0.732035255117731
"unequal",300,8,0.25,"Stage-Spell SPAOM",300,0.658259197506448,0.00545534601304407,0.233318295900601,0.00249152154387249,0.0175524722157003,0.951270564242539,1.49485596511111,0.731804889939685
"unequal",300,8,0.52,"Dual-clock model",300,0.655084743960962,0.00575089912442469,0.231706300764234,0.00263332460579554,0.00568682565063296,0.959697295947239,1.43860554631725,0.701515829582424
"unequal",300,8,0.52,"Global alpha-beta model",300,0.671668394187889,0.00516128244844462,0.239703719576083,0.00229492559383518,0.0190606870446828,0.901394050034012,1.45518919654418,0.711722650904472
"unequal",300,8,0.52,"Origin-specific homogeneous",300,0.672958909007983,0.00493269074263611,0.240376891457896,0.00219542328800682,0.0134836448152112,0.928266136393663,1.45647971136428,0.712587320630454
"unequal",300,8,0.52,"Spline spell-age model",300,0.655296926887798,0.00571290732868975,0.231804055620461,0.00262101855370258,0.00730692590149019,0.952756069232486,1.43881772924409,0.701642219970461
"unequal",300,8,0.52,"Stage-Spell SPAOM",300,0.654909655720687,0.00574703356232372,0.231629577438235,0.00263420236245577,0.00457817922523684,0.964756203601974,1.43843045807698,0.701418068336336
"unequal",300,8,0.8,"Dual-clock model",300,0.634163585604579,0.00780987086069334,0.221844942488465,0.00352590719569347,0.00554751258135165,0.978087641777881,1.35083068350022,0.654251493592866
"unequal",300,8,0.8,"Global alpha-beta model",300,0.673632140154951,0.00534166385138007,0.240428228283618,0.00239033668676204,0.0072917047204918,0.902033816528875,1.39029923805059,0.677942564607307
"unequal",300,8,0.8,"Origin-specific homogeneous",300,0.679072864464304,0.00501912262508833,0.243182872654411,0.00222770497357231,0.00718579111241603,0.904989493939325,1.39573996235995,0.681444306576325
"unequal",300,8,0.8,"Spline spell-age model",300,0.634428227858093,0.00786253122779659,0.221932967437456,0.00354193717363836,0.00597118958282922,0.973255046033745,1.35109532575374,0.654360417452418
"unequal",300,8,0.8,"Stage-Spell SPAOM",300,0.633917952353828,0.00780337369551032,0.221734722759993,0.00352272413586507,0.00540900059598347,0.981965863409276,1.35058505024947,0.654107575031501
"unequal",300,12,0,"Dual-clock model",300,0.648945427034038,0.00502262291699012,0.22882765389189,0.00230629587142572,0.0334393742418304,0.924010073550603,1.52769478701057,0.747936338105164
"unequal",300,12,0,"Global alpha-beta model",300,0.64895879670123,0.00500528123449982,0.228832404505055,0.00229751037298242,0.0348032661249584,0.921733148315267,1.52770815667776,0.747945278643664
"unequal",300,12,0,"Origin-specific homogeneous",300,0.648699392189955,0.00496723868422909,0.228714335823964,0.00228612485106825,0.0225945506596067,0.945412241782943,1.52744875216648,0.747791488496136
"unequal",300,12,0,"Spline spell-age model",300,0.649168992678309,0.00502746512195961,0.228922956659187,0.00231095487345108,0.0426847335214237,0.905864486312462,1.52791835265484,0.748056036747523
"unequal",300,12,0,"Stage-Spell SPAOM",300,0.648731109500022,0.00496784365314737,0.22872991611752,0.00228698345284605,0.0244376336509381,0.94170948052319,1.52748046947655,0.747810574750376
"unequal",300,12,0.25,"Dual-clock model",300,0.657969846023353,0.00465023333231523,0.233203651390734,0.00211870681859934,0.0121438114547195,0.96140699646722,1.49081164251147,0.729945706807513
"unequal",300,12,0.25,"Global alpha-beta model",300,0.662107060375133,0.004470678252602,0.235190372898531,0.00201865100232807,0.0221433839595951,0.934313382424531,1.49494885686325,0.732485141233
"unequal",300,12,0.25,"Origin-specific homogeneous",300,0.661979247635218,0.00442932899686772,0.235138500960793,0.00200149814366076,0.0134596548652328,0.957595278143302,1.49482104412333,0.732416041783036
"unequal",300,12,0.25,"Spline spell-age model",300,0.658214547781983,0.00460421460776888,0.233325340020412,0.00209472391549505,0.0166056663031348,0.948735827273811,1.4910563442701,0.730102096694527
"unequal",300,12,0.25,"Stage-Spell SPAOM",300,0.657848005574146,0.00462264361061308,0.233148673436452,0.00210722718634652,0.00959233603014675,0.968362291010759,1.49068980206226,0.729874531723568
"unequal",300,12,0.52,"Dual-clock model",300,0.653083651965927,0.00516694059761267,0.23074572771367,0.00237223739016554,0.00326343529257408,0.974701480328019,1.42201801498606,0.693394029897621
"unequal",300,12,0.52,"Global alpha-beta model",300,0.672917992511867,0.00395099803926943,0.240332341955742,0.00175616836554631,0.0123670127116168,0.924119647992416,1.441852355532,0.705645823833591
"unequal",300,12,0.52,"Origin-specific homogeneous",300,0.674071333242997,0.00383826722792015,0.240928413081295,0.00171086635392517,0.00977440476736205,0.939781554671126,1.44300569626313,0.706412541288685
"unequal",300,12,0.52,"Spline spell-age model",300,0.653228497613715,0.00517198541836841,0.230812973209708,0.00237537533414297,0.00389985673856467,0.971051649585868,1.42216286063385,0.693480982136752
"unequal",300,12,0.52,"Stage-Spell SPAOM",300,0.652943648497082,0.00516497470926982,0.230684740060209,0.00237272560103051,0.00264430009651846,0.978249978494726,1.42187801151722,0.693317692466956
"unequal",300,12,0.8,"Dual-clock model",300,0.623288151445517,0.00774083103612984,0.217005945297445,0.00347244617031004,-0.00198507902847058,0.990899821176905,1.30880761155567,0.632208830462759
"unequal",300,12,0.8,"Global alpha-beta model",300,0.67220004719562,0.00517821351399307,0.239747789776328,0.00236794139400036,-0.00762178289053687,0.932485965093879,1.35771950730578,0.661249420505458
"unequal",300,12,0.8,"Origin-specific homogeneous",300,0.677369134095385,0.00461862436423437,0.24235931343099,0.00208687002425493,-0.00769293399308178,0.929133123516555,1.36288859420554,0.664587449050531
"unequal",300,12,0.8,"Spline spell-age model",300,0.623562319440995,0.00773955688502062,0.217095370567702,0.00346651713559661,-0.00187053258227175,0.985392145701318,1.30908177955115,0.632323028639029
"unequal",300,12,0.8,"Stage-Spell SPAOM",300,0.62310721260232,0.00774214779219783,0.216924518408072,0.00347197184556247,-0.00197755083190292,0.993123176280477,1.30862667271248,0.632102405656164
"unequal",300,20,0,"Dual-clock model",300,0.647985303614557,0.00366843547054237,0.228411297152767,0.0016758175132517,0.023321364276242,0.952684356166831,1.52613641858256,0.747520156550015
"unequal",300,20,0,"Global alpha-beta model",300,0.647964204514587,0.00366749435175493,0.228401675061537,0.00167428702207513,0.0222807512446578,0.954806032338754,1.52611531948259,0.747506922197556
"unequal",300,20,0,"Origin-specific homogeneous",300,0.647795577793165,0.00364960853130515,0.228324137760142,0.00166583452450139,0.0144057459366922,0.970418203383496,1.52594669276117,0.747406725298617
"unequal",300,20,0,"Spline spell-age model",300,0.648109664477164,0.00370294551716765,0.22846651876768,0.00168713962062504,0.0279551795915367,0.943547668007486,1.52626077944517,0.747587267430962
"unequal",300,20,0,"Stage-Spell SPAOM",300,0.647844604846169,0.00365607702307796,0.228347130793483,0.0016691186133447,0.0167141354145093,0.965801523333694,1.52599571981417,0.747436057291426
"unequal",300,20,0.25,"Dual-clock model",300,0.657094708474842,0.00326768424744183,0.23283073948774,0.00149254806127524,0.00857092445995636,0.979538858766164,1.48819008531166,0.728806510570337
"unequal",300,20,0.25,"Global alpha-beta model",300,0.661600408583665,0.00324941974092563,0.234994276281844,0.001485081021598,0.0158541342983988,0.959896375099261,1.49269578542048,0.731576443070019
"unequal",300,20,0.25,"Origin-specific homogeneous",300,0.66152576407368,0.00323021382026708,0.234961879907318,0.00147678349454559,0.00949322745944809,0.977480327637532,1.49262114091049,0.731533534568203
"unequal",300,20,0.25,"Spline spell-age model",300,0.65718321857967,0.00327552032494226,0.232875942384758,0.00149607911227713,0.00985780451686792,0.9753482833775,1.48827859541648,0.72886452210973
"unequal",300,20,0.25,"Stage-Spell SPAOM",300,0.657004112598227,0.00327894480311563,0.232788974128865,0.00149773898356767,0.00666416509051828,0.984632460140628,1.48809948943504,0.72875267728395
"unequal",300,20,0.52,"Dual-clock model",300,0.650606813662618,0.00393239929991439,0.229623102639088,0.00180034065975803,0.000893630730617416,0.990126443334711,1.40904553752336,0.686692143905099
"unequal",300,20,0.52,"Global alpha-beta model",300,0.673230818895151,0.0030375880823938,0.240544024420903,0.00135239239671414,0.00567899323808256,0.953989366138008,1.43166954275589,0.700638740929196
"unequal",300,20,0.52,"Origin-specific homogeneous",300,0.674116577454929,0.00299749491268539,0.240992726400549,0.0013335297802172,0.00399570948913017,0.965004105864081,1.43255530131567,0.701210534535562
"unequal",300,20,0.52,"Spline spell-age model",300,0.650692084899815,0.00392671787128655,0.229661135813157,0.00179614581034554,0.000989406336960302,0.988131968498584,1.40913080876056,0.686739296725967
"unequal",300,20,0.52,"Stage-Spell SPAOM",300,0.650531429331197,0.00391429408513429,0.229588778855671,0.00179137616897783,0.000546611919281624,0.991979645952947,1.40897015319194,0.686646893284007
"unequal",300,20,0.8,"Dual-clock model",300,0.609222468078849,0.00704684378140748,0.210852277055641,0.00308094397614119,-0.0025812587077276,1.00103145580346,1.26069229178393,0.607352815391185
"unequal",300,20,0.8,"Global alpha-beta model",300,0.668585896605075,0.00388543995693848,0.237974268440847,0.00182609364992873,-0.010343367179202,0.971311422422694,1.32005572031016,0.642007569412054
"unequal",300,20,0.8,"Origin-specific homogeneous",300,0.673102227701034,0.00332264219555749,0.240246534044655,0.00155163481976638,-0.0103810080889652,0.969577379687577,1.32457205140612,0.644911998232909
"unequal",300,20,0.8,"Spline spell-age model",300,0.609409064947335,0.00704981455284275,0.210914109215478,0.00308744483979794,-0.00264827961867555,0.998630635274662,1.26087888865242,0.607430182505699
"unequal",300,20,0.8,"Stage-Spell SPAOM",300,0.60914515874386,0.00705372747593105,0.210817925024752,0.00308277930720063,-0.00250210500066902,1.00192291192275,1.26061498244894,0.607308357193436
"unequal",500,8,0,"Dual-clock model",300,0.648820310086015,0.00460772815978663,0.228786876931777,0.00210434446509713,0.0313872727316076,0.933625853510876,1.52716859002185,0.747787538904292
"unequal",500,8,0,"Global alpha-beta model",300,0.648844794446112,0.00463730482075177,0.228796492234053,0.00211905913027794,0.0322732538330829,0.932221341001973,1.52719307438194,0.747797481710725
"unequal",500,8,0,"Origin-specific homogeneous",300,0.648549598183611,0.00454400984858713,0.22866098061384,0.00207636124564568,0.0193537794458173,0.957488108186479,1.52689787811944,0.747625948830832
"unequal",500,8,0,"Spline spell-age model",300,0.648979176358483,0.00463876172861513,0.228855043155478,0.00211607235269338,0.0377619182368037,0.921042340555869,1.52732745629432,0.747875055525701
"unequal",500,8,0,"Stage-Spell SPAOM",300,0.648605432107278,0.00456542217058496,0.228688156913825,0.00208653919845681,0.0219909407419145,0.952274719255437,1.52695371204311,0.74766072990753
"unequal",500,8,0.25,"Dual-clock model",300,0.657864335422515,0.00415342868067928,0.233154701751123,0.00188495034644719,0.011131690143532,0.953671953100741,1.49229451590621,0.730848844913442
"unequal",500,8,0.25,"Global alpha-beta model",300,0.661515082057347,0.00396828119701286,0.234906015266513,0.00178602815732291,0.0201953723466272,0.930126150587428,1.49594526254104,0.733096112258601
"unequal",500,8,0.25,"Origin-specific homogeneous",300,0.661528835453676,0.00390754047832848,0.234920010848609,0.00175846097505578,0.0130876101322048,0.948573129155014,1.49595901593737,0.733114729541214
"unequal",500,8,0.25,"Spline spell-age model",300,0.658002083389087,0.00413768743174575,0.233223474762905,0.00187825886236243,0.0143503238431824,0.945287358939355,1.49243226387278,0.730937246195672
"unequal",500,8,0.25,"Stage-Spell SPAOM",300,0.657737248601945,0.00415045834288977,0.233096238185864,0.00188410161962166,0.00815435098547378,0.961565479323676,1.49216742908564,0.730773016326725
"unequal",500,8,0.52,"Dual-clock model",300,0.65453870182592,0.00440676667419354,0.231485414447433,0.00203306417367184,-0.00206916759413853,0.977290925172372,1.43400125536859,0.699727534131144
"unequal",500,8,0.52,"Global alpha-beta model",300,0.670949272509436,0.00381277788782634,0.239417747883789,0.00170652182100141,0.00447921096477196,0.941138787627235,1.4504118260521,0.70985555260099
"unequal",500,8,0.52,"Origin-specific homogeneous",300,0.672534290987237,0.00365331913649623,0.240213717505356,0.00162903906985056,0.00243077617854169,0.949830391378694,1.4519968445299,0.710871886361211
"unequal",500,8,0.52,"Spline spell-age model",300,0.654727598421485,0.00443880510144133,0.23157100902429,0.00204792854519339,-0.000746768104681479,0.971555590376122,1.43419015196415,0.699835906688602
"unequal",500,8,0.52,"Stage-Spell SPAOM",300,0.654421787229033,0.00438215417072678,0.231432064840812,0.00202166213421856,-0.00275466068931354,0.980570370191995,1.4338843407717,0.699660067138792
"unequal",500,8,0.8,"Dual-clock model",300,0.632638755993695,0.00623821303454098,0.221223704796652,0.00282278593316176,0.000740453410919703,0.990778896800449,1.34641692208709,0.652275427175872
"unequal",500,8,0.8,"Global alpha-beta model",300,0.671742662950308,0.00423262870662392,0.239605657852487,0.00190832024191337,0.00145983729805919,0.960185864035528,1.3855208290437,0.675750131094178
"unequal",500,8,0.8,"Origin-specific homogeneous",300,0.677446752314894,0.00389095989426094,0.242473307578906,0.00172721218892421,0.00180970442283662,0.95613165154627,1.39122491840829,0.679414302198215
"unequal",500,8,0.8,"Spline spell-age model",300,0.632818316308062,0.00623404667662066,0.221288452456375,0.00281854774845972,0.00096780538828677,0.987358207621592,1.34659648240145,0.652359371952117
"unequal",500,8,0.8,"Stage-Spell SPAOM",300,0.632530209274028,0.00622495009561454,0.221174844893855,0.00281511765169211,0.000667531113776631,0.992680850734611,1.34630837536742,0.652213421928849
"unequal",500,12,0,"Dual-clock model",300,0.648147212934038,0.00384269642015322,0.228484682353893,0.0017736802254979,0.020363274561905,0.953947659497499,1.52610489639658,0.747369397616607
"unequal",500,12,0,"Global alpha-beta model",300,0.648140748128283,0.00386844090000097,0.228479504380942,0.00178707387478861,0.0206203036541529,0.953669202822917,1.52609843159083,0.747363049774755
"unequal",500,12,0,"Origin-specific homogeneous",300,0.647973577888416,0.00384467273729862,0.22840669587503,0.00177607169858096,0.0124529289227129,0.969650802705985,1.52593126135096,0.747271136940436
"unequal",500,12,0,"Spline spell-age model",300,0.64826054911405,0.00387001157552809,0.228536877073101,0.00178505786114028,0.0253049071144174,0.944093531576559,1.5262182325766,0.747438458185662
"unequal",500,12,0,"Stage-Spell SPAOM",300,0.648005431178182,0.00384128202260108,0.22842207984682,0.00177370390617304,0.0139510369894075,0.966611831464463,1.52596311464073,0.747290444696844
"unequal",500,12,0.25,"Dual-clock model",300,0.65727510367081,0.00329596216514963,0.232913273537552,0.00151560521078026,0.0089803477571165,0.974144482515537,1.48977732425236,0.729532526452556
"unequal",500,12,0.25,"Global alpha-beta model",300,0.661242894595895,0.00327570219953769,0.234821262248075,0.00150504106186748,0.0147287399630572,0.958995642708427,1.49374511517745,0.731975711520738
"unequal",500,12,0.25,"Origin-specific homogeneous",300,0.661271441079821,0.00326474635355683,0.234841134195701,0.00150088675967073,0.0092342419389543,0.973851225895691,1.49377366166138,0.732002010871841
"unequal",500,12,0.25,"Spline spell-age model",300,0.657367721814945,0.00330634502815872,0.232960926161756,0.00152123654640796,0.0105739982831659,0.969514486555526,1.4898699423965,0.729593965740558
"unequal",500,12,0.25,"Stage-Spell SPAOM",300,0.657195426726943,0.00328640064006729,0.232877201297554,0.00151077048583478,0.00729618174517173,0.978713472058583,1.4896976473085,0.72948598400574
"unequal",500,12,0.52,"Dual-clock model",300,0.652619981071549,0.00380959154886663,0.230588191392438,0.00174501214691263,0.00515548136656954,0.988190481685548,1.42091968199772,0.69322916203243
"unequal",500,12,0.52,"Global alpha-beta model",300,0.671958899986029,0.00304999669574935,0.239931592756698,0.00135802194870822,0.010898186844542,0.95991081188844,1.4402586009122,0.705157380745358
"unequal",500,12,0.52,"Origin-specific homogeneous",300,0.67325348377603,0.00294906464203414,0.240585011768764,0.00130897080185173,0.00990467641987901,0.965490411650778,1.4415531847022,0.705994364653603
"unequal",500,12,0.52,"Spline spell-age model",300,0.652695922897291,0.00377418377079519,0.230621129116606,0.00172993561654784,0.00546769452719387,0.986303778019383,1.42099562382346,0.693270938425131
"unequal",500,12,0.52,"Stage-Spell SPAOM",300,0.652526349453249,0.00378376500998204,0.230545251436651,0.00173356507519895,0.0047642291112142,0.99057812513126,1.42082605037942,0.693174869599016
"unequal",500,12,0.8,"Dual-clock model",300,0.623346411050087,0.00588430976132746,0.217036460301183,0.00262580214406286,0.00180759213290631,0.990169268343225,1.30828185862265,0.632504034815147
"unequal",500,12,0.8,"Global alpha-beta model",300,0.671259743259693,0.0039304202676016,0.239334692187865,0.00181178230765952,0.00144877302473198,0.960086523813945,1.35619519083226,0.660986059459069
"unequal",500,12,0.8,"Origin-specific homogeneous",300,0.676695302257386,0.00340814090787241,0.242066597989787,0.00155117389994469,0.000834600854044861,0.95036080781729,1.36163074982995,0.664474828027601
"unequal",500,12,0.8,"Spline spell-age model",300,0.623468038923314,0.00592280255809767,0.217074398920824,0.00263858341147284,0.00181430805456036,0.988150123162843,1.30840348649588,0.632551955598671
"unequal",500,12,0.8,"Stage-Spell SPAOM",300,0.623242952663078,0.00589570229284823,0.216989594812102,0.00263072075658681,0.00180730757605519,0.99148475749722,1.30817840023564,0.632444737231778
"unequal",500,20,0,"Dual-clock model",300,0.647581375998908,0.0029913896316172,0.228243966586397,0.00137920150419976,0.00719225774349785,0.98312168765994,1.5251764751392,0.747093459623753
"unequal",500,20,0,"Global alpha-beta model",300,0.647591599795979,0.00299925773734146,0.228247781611628,0.00138241957816739,0.00752727878893058,0.982593883676022,1.52518669893627,0.747097137154357
"unequal",500,20,0,"Origin-specific homogeneous",300,0.647478655389389,0.00299391765160417,0.228196495154041,0.00138112663441934,0.00228525944375387,0.992937961357032,1.52507375452968,0.747032322454312
"unequal",500,20,0,"Spline spell-age model",300,0.647644973005912,0.00298965306162388,0.228272406827356,0.00137764549595658,0.00982557686817972,0.977895319064228,1.5252400721462,0.747130215079539
"unequal",500,20,0,"Stage-Spell SPAOM",300,0.647500762669795,0.00299227390334852,0.228206868033238,0.00138068078599491,0.00332356273004669,0.990823102990243,1.52509586181008,0.747045843488828
"unequal",500,20,0.25,"Dual-clock model",300,0.656934029039134,0.00260593300799629,0.232767957443044,0.00119971812966873,0.00204608955999714,0.991211218082561,1.48717156454493,0.728245992886195
"unequal",500,20,0.25,"Global alpha-beta model",300,0.661364955773166,0.00246406123812379,0.234900570933548,0.00112963661189458,0.00455164306248088,0.984105634904572,1.49160249127897,0.73096781550222
"unequal",500,20,0.25,"Origin-specific homogeneous",300,0.661378552208934,0.00245158682531472,0.234909481488121,0.00112355400097793,0.00122427816093883,0.993187804707584,1.49161608771473,0.73097899710371
"unequal",500,20,0.25,"Spline spell-age model",300,0.656989076188309,0.00258646511469156,0.232795721065332,0.00118917295839163,0.00287124359757794,0.988535259331965,1.48722661169411,0.728281016053871
"unequal",500,20,0.25,"Stage-Spell SPAOM",300,0.656884997262522,0.00259852285509459,0.232745085871258,0.00119540560181209,0.00103331053948354,0.993953842158053,1.48712253276832,0.728216830042068
"unequal",500,20,0.52,"Dual-clock model",300,0.650389097280741,0.00304200101750994,0.229541696503294,0.00141295710603656,-0.00151310337293815,0.993899219345305,1.40707149668557,0.685933221720249
"unequal",500,20,0.52,"Global alpha-beta model",300,0.67275967221873,0.00201815324928693,0.240344436553865,0.000904395156936212,2.09076657775351e-05,0.979164502694101,1.42944207162355,0.699736937594438
"unequal",500,20,0.52,"Origin-specific homogeneous",300,0.673659636903482,0.00200269662803042,0.240800969909224,0.000897413092013639,-0.00079717505560395,0.98450514385816,1.43034203630831,0.700322670132974
"unequal",500,20,0.52,"Spline spell-age model",300,0.650457711350964,0.00303802636109502,0.22957172988642,0.00141133509527525,-0.00139428443924696,0.992599575467556,1.40714011075579,0.685972310480526
"unequal",500,20,0.52,"Stage-Spell SPAOM",300,0.650343728243545,0.00303625180302635,0.229521344122108,0.0014100687424789,-0.00168310270828163,0.994976234758613,1.40702612764837,0.685907102353695
"unequal",500,20,0.8,"Dual-clock model",300,0.608809835126779,0.00576006110981795,0.210679356129879,0.00250567107751474,0.000370107098467162,0.996384784312355,1.26068804081667,0.60749889824404
"unequal",500,20,0.8,"Global alpha-beta model",300,0.66835337977984,0.00343109344111716,0.237889128148647,0.00162324678796028,-0.0019326918136158,0.978800079183707,1.32023158546974,0.642293957743238
"unequal",500,20,0.8,"Origin-specific homogeneous",300,0.672911742641909,0.00310203956210019,0.2401838258137,0.00146773735996371,-0.00226445842562917,0.97627575791084,1.3247899483318,0.645235668733371
"unequal",500,20,0.8,"Spline spell-age model",300,0.608886233112624,0.00574701340954397,0.210702764996852,0.00250044386722756,0.000211809609526815,0.995220755719443,1.26076443880252,0.607528778528487
"unequal",500,20,0.8,"Stage-Spell SPAOM",300,0.608764704047779,0.00575833446951617,0.210659702230039,0.00250466260310984,0.000399728054256733,0.996910593435183,1.26064290973768,0.60747393582643
